1,605058,澳弘电子,详细  数据,6351万,-,4.24亿,-,2.99亿,914万,2310万,-608万,3.51亿,7033万,7177万,09-22,http://data.eastmoney.comhttp://data.eastmoney.com/bbsj/zcfz/605058.html
2,601568,北元集团,详细  数据,8.07亿,-,48.14亿,-,31.69亿,2.93亿,3.09亿,3633万,38.67亿,9.51亿,9.56亿,09-22,http://data.eastmoney.comhttp://data.eastmoney.com/bbsj/zcfz/601568.html
3,688386,泛亚微透,详细  数据,1627万,-,1.12亿,-,6115万,845万,1259万,164万,9217万,1953万,1927万,09-21,http://data.eastmoney.comhttp://data.eastmoney.com/bbsj/zcfz/688386.html
4,300899,上海凯鑫,详细  数据,3284万,-,1.48亿,-,9576万,308万,611万,-4.19万,1.11亿,3715万,3717万,09-21,http://data.eastmoney.comhttp://data.eastmoney.com/bbsj/zcfz/300899.html
5,002324,普利特,详细  数据,5979万,-32.10,16.52亿,-6.65,13.35亿,6047万,4557万,3569万,15.87亿,6521万,7157万,09-19,http://data.eastmoney.comhttp://data.eastmoney.com/bbsj/zcfz/002324.html
6,600228,ST昌九,详细  数据,-506万,-236.18,2.15亿,-19.88,1.83亿,1161万,1377万,60.01万,2.18亿,-242万,-232万,09-18,http://data.eastmoney.comhttp://data.eastmoney.com/bbsj/zcfz/600228.html
7,300999,金龙鱼,详细  数据,15.97亿,-,787亿,-,703亿,34.86亿,10.7亿,3.52亿,755亿,18.59亿,18.58亿,09-18,http://data.eastmoney.comhttp://data.eastmoney.com/bbsj/zcfz/300999.html
8,300287,飞利信,详细  数据,4716万,-73.99,7.77亿,-41.09,5.51亿,4432万,7355万,1174万,7.25亿,5185万,5204万,09-18,http://data.eastmoney.comhttp://data.eastmoney.com/bbsj/zcfz/300287.html
9,600688,上海石化,详细  数据,11.37亿,-67.73,520亿,-0.37,437亿,2.6亿,15.16亿,-1.98亿,511亿,13.65亿,13.59亿,09-17,http://data.eastmoney.comhttp://data.eastmoney.com/bbsj/zcfz/600688.html
10,300775,三角防务,详细  数据,9353万,18.40,3.19亿,32.39,1.75亿,207万,1350万,-40.33万,2.04亿,1.09亿,1.1亿,09-17,http://data.eastmoney.comhttp://data.eastmoney.com/bbsj/zcfz/300775.html
11,300226,上海钢联,详细  数据,9285万,53.48,493亿,10.54,488亿,1.12亿,7498万,2261万,491亿,1.65亿,1.65亿,09-17,http://data.eastmoney.comhttp://data.eastmoney.com/bbsj/zcfz/300226.html
12,300043,星辉娱乐,详细  数据,1.26亿,-10.76,11.23亿,-31.50,6亿,1.81亿,1.41亿,7692万,10.17亿,1.08亿,1.39亿,09-17,http://data.eastmoney.comhttp://data.eastmoney.com/bbsj/zcfz/300043.html
13,688330,宏力达,详细  数据,1.53亿,-,3.92亿,-,1.6亿,1833万,1741万,-3.56万,2.09亿,1.79亿,1.79亿,09-16,http://data.eastmoney.comhttp://data.eastmoney.com/bbsj/zcfz/688330.html
14,300464,星徽精密,详细  数据,5543万,943.00,13.68亿,376.03,7.55亿,4.45亿,6505万,979万,13.02亿,6620万,6632万,09-16,http://data.eastmoney.comhttp://data.eastmoney.com/bbsj/zcfz/300464.html
15,300265,通光线缆,详细  数据,2782万,17.96,6.89亿,-15.43,5.07亿,6182万,3596万,2032万,6.57亿,3701万,3623万,09-16,http://data.eastmoney.comhttp://data.eastmoney.com/bbsj/zcfz/300265.html
16,002290,ST中科创,详细  数据,-9961万,-295.77,8.24亿,-0.56,7.06亿,2261万,2500万,309万,7.88亿,-9019万,-9016万,09-16,http://data.eastmoney.comhttp://data.eastmoney.com/bbsj/zcfz/002290.html
17,605338,巴比食品,详细  数据,6885万,-,4.81亿,-,3.25亿,4455万,3968万,-789万,4.06亿,7704万,9235万,09-15,http://data.eastmoney.comhttp://data.eastmoney.com/bbsj/zcfz/605338.html
18,605336,帅丰电器,详细  数据,7165万,-,3.07亿,-,1.63亿,4549万,1851万,-17.32万,2.44亿,8484万,8430万,09-15,http://data.eastmoney.comhttp://data.eastmoney.com/bbsj/zcfz/605336.html
19,603021,山东华鹏,详细  数据,-1195万,-500.85,3.73亿,-6.57,2.93亿,2805万,3068万,2155万,3.85亿,-1266万,-1291万,09-15,http://data.eastmoney.comhttp://data.eastmoney.com/bbsj/zcfz/603021.html
20,300897,山科智能,详细  数据,855万,-,9887万,-,4959万,1948万,1156万,-9.44万,9001万,1026万,1026万,09-14,http://data.eastmoney.comhttp://data.eastmoney.com/bbsj/zcfz/300897.html
21,002232,启明信息,详细  数据,2047万,-8.91,5.1亿,-12.49,4.37亿,1106万,3648万,-703万,4.88亿,2850万,2862万,09-12,http://data.eastmoney.comhttp://data.eastmoney.com/bbsj/zcfz/002232.html
22,600462,*ST九有,详细  数据,-1163万,-261.72,1.6亿,-90.84,1.44亿,874万,2227万,8.24万,1.77亿,-1331万,-1335万,09-11,http://data.eastmoney.comhttp://data.eastmoney.com/bbsj/zcfz/600462.html
23,300888,稳健医疗,详细  数据,2.3亿,-,21.05亿,-,10.47亿,6.06亿,9301万,867万,18.35亿,2.71亿,2.72亿,09-11,http://data.eastmoney.comhttp://data.eastmoney.com/bbsj/zcfz/300888.html
24,300698,万马科技,详细  数据,351万,-31.34,1.86亿,27.38,1.35亿,2875万,1096万,203万,1.84亿,388万,409万,09-11,http://data.eastmoney.comhttp://data.eastmoney.com/bbsj/zcfz/300698.html
25,688093,世华科技,详细  数据,1704万,-,7842万,-,3553万,548万,1247万,5.65万,6235万,2021万,2022万,09-10,http://data.eastmoney.comhttp://data.eastmoney.com/bbsj/zcfz/688093.html
26,605099,共创草坪,详细  数据,1.12亿,-,7.35亿,-,4.77亿,6002万,3238万,409万,6.06亿,1.32亿,1.32亿,09-10,http://data.eastmoney.comhttp://data.eastmoney.com/bbsj/zcfz/605099.html
27,688585,上纬新材,详细  数据,4123万,-,6.35亿,-,5.03亿,3075万,2690万,85.41万,5.74亿,5945万,5266万,09-09,http://data.eastmoney.comhttp://data.eastmoney.com/bbsj/zcfz/688585.html
28,688013,天臣医疗,详细  数据,2147万,-,8141万,-,3293万,1174万,615万,-48.54万,5753万,2340万,2467万,09-09,http://data.eastmoney.comhttp://data.eastmoney.com/bbsj/zcfz/688013.html
29,605136,丽人丽妆,详细  数据,1.51亿,-,16.57亿,-,10.49亿,4.33亿,3884万,-264万,15.28亿,1.89亿,1.89亿,09-09,http://data.eastmoney.comhttp://data.eastmoney.com/bbsj/zcfz/605136.html
30,605018,长华股份,详细  数据,7461万,-,6.68亿,-,5.07亿,1091万,3926万,517万,6.03亿,8206万,8731万,09-09,http://data.eastmoney.comhttp://data.eastmoney.com/bbsj/zcfz/605018.html
31,300896,爱美客,详细  数据,1.29亿,-,2.4亿,-,1896万,2962万,2364万,-78.16万,9375万,1.49亿,1.49亿,09-09,http://data.eastmoney.comhttp://data.eastmoney.com/bbsj/zcfz/300896.html
32,300460,惠伦晶体,详细  数据,27.99万,-96.46,1.26亿,-22.90,1.04亿,459万,1115万,-15.5万,1.28亿,55.73万,61.81万,09-09,http://data.eastmoney.comhttp://data.eastmoney.com/bbsj/zcfz/300460.html
33,688595,芯海科技,详细  数据,1184万,-,9290万,-,5253万,324万,1070万,-117万,8579万,973万,980万,09-08,http://data.eastmoney.comhttp://data.eastmoney.com/bbsj/zcfz/688595.html
34,605218,伟时电子,详细  数据,3631万,-,5.64亿,-,4.43亿,1459万,3347万,-79.14万,5.26亿,3788万,3891万,09-08,http://data.eastmoney.comhttp://data.eastmoney.com/bbsj/zcfz/605218.html
35,300736,百邦科技,详细  数据,-1434万,-174.41,1.31亿,-37.75,1.07亿,1201万,3192万,4.28万,1.56亿,-2179万,-1897万,09-08,http://data.eastmoney.comhttp://data.eastmoney.com/bbsj/zcfz/300736.html
36,002742,三圣股份,详细  数据,7600万,11.55,14.86亿,18.27,11.87亿,1703万,9570万,5595万,13.81亿,1.17亿,1.15亿,09-08,http://data.eastmoney.comhttp://data.eastmoney.com/bbsj/zcfz/002742.html
37,605111,新洁能,详细  数据,3743万,-54.32,3.28亿,-9.12,2.64亿,485万,806万,-227万,2.86亿,4228万,4232万,09-07,http://data.eastmoney.comhttp://data.eastmoney.com/bbsj/zcfz/605111.html
38,605003,众望布艺,详细  数据,3908万,-,2.06亿,-,1.21亿,1741万,1374万,-34.49万,1.65亿,4545万,4578万,09-07,http://data.eastmoney.comhttp://data.eastmoney.com/bbsj/zcfz/605003.html
39,300895,铜牛信息,详细  数据,2261万,-,1.09亿,-,7101万,292万,595万,-29.8万,8397万,2493万,2493万,09-07,http://data.eastmoney.comhttp://data.eastmoney.com/bbsj/zcfz/300895.html
40,300893,松原股份,详细  数据,3188万,-,2.07亿,-,1.31亿,1178万,1313万,143万,1.68亿,3649万,3647万,09-07,http://data.eastmoney.comhttp://data.eastmoney.com/bbsj/zcfz/300893.html
41,601038,一拖股份,详细  数据,1961万,113.53,34.26亿,-4.34,29.06亿,1.41亿,1.69亿,4139万,34.54亿,2131万,3592万,09-05,http://data.eastmoney.comhttp://data.eastmoney.com/bbsj/zcfz/601038.html
42,600968,海油发展,详细  数据,6.72亿,14.54,139亿,22.52,122亿,1.26亿,5.55亿,1.17亿,132亿,9.29亿,9.39亿,09-05,http://data.eastmoney.comhttp://data.eastmoney.com/bbsj/zcfz/600968.html
43,300691,联合光电,详细  数据,2650万,-15.57,5.31亿,10.52,4.16亿,700万,2815万,38.92万,5.11亿,1915万,1863万,09-05,http://data.eastmoney.comhttp://data.eastmoney.com/bbsj/zcfz/300691.html
44,300228,富瑞特装,详细  数据,549万,119.99,8.33亿,53.01,6.45亿,3703万,5105万,3465万,7.98亿,507万,231万,09-05,http://data.eastmoney.comhttp://data.eastmoney.com/bbsj/zcfz/300228.html
45,605198,德利股份,详细  数据,7969万,14.46,3.77亿,-29.17,2.62亿,1926万,1882万,-234万,3.04亿,7978万,7975万,09-04,http://data.eastmoney.comhttp://data.eastmoney.com/bbsj/zcfz/605198.html
46,688526,科前生物,详细  数据,1.55亿,-,2.87亿,-,5162万,3598万,1621万,-126万,1.32亿,1.78亿,1.78亿,09-03,http://data.eastmoney.comhttp://data.eastmoney.com/bbsj/zcfz/688526.html
47,002407,多氟多,详细  数据,8769万,-36.32,20.32亿,15.17,15.86亿,8655万,1.3亿,5473万,19.47亿,1.04亿,1.23亿,09-03,http://data.eastmoney.comhttp://data.eastmoney.com/bbsj/zcfz/002407.html
48,688156,路德环境,详细  数据,3085万,182.55,1.46亿,35.35,8307万,292万,1396万,53.04万,1.04亿,3925万,3922万,09-02,http://data.eastmoney.comhttp://data.eastmoney.com/bbsj/zcfz/688156.html
49,688127,蓝特光学,详细  数据,3577万,-,1.19亿,-,6353万,222万,921万,-55.6万,8400万,4117万,4101万,09-02,http://data.eastmoney.comhttp://data.eastmoney.com/bbsj/zcfz/688127.html
50,605369,拱东医疗,详细  数据,4827万,-,2.52亿,-,1.41亿,2218万,1965万,106万,1.97亿,5627万,5591万,09-02,http://data.eastmoney.comhttp://data.eastmoney.com/bbsj/zcfz/605369.html
51,002061,浙江交科,详细  数据,2.34亿,-65.13,115亿,8.90,106亿,5111万,2.22亿,1.08亿,112亿,3.63亿,3.63亿,09-02,http://data.eastmoney.comhttp://data.eastmoney.com/bbsj/zcfz/002061.html
52,688536,思瑞浦,详细  数据,1458万,-,9694万,-,3883万,810万,822万,-12.97万,8742万,850万,854万,09-01,http://data.eastmoney.comhttp://data.eastmoney.com/bbsj/zcfz/688536.html
53,605116,奥锐特,详细  数据,7204万,-,2.87亿,-,1.49亿,1369万,2718万,-79.55万,2.04亿,8389万,8389万,09-01,http://data.eastmoney.comhttp://data.eastmoney.com/bbsj/zcfz/605116.html
54,605050,福然德,详细  数据,1.3亿,-,24.81亿,-,22.4亿,5006万,2162万,605万,23.23亿,1.74亿,1.74亿,09-01,http://data.eastmoney.comhttp://data.eastmoney.com/bbsj/zcfz/605050.html
55,600666,ST瑞德,详细  数据,-3960万,-194.89,4.59亿,-25.10,3.49亿,661万,4577万,8105万,5.19亿,-2510万,-2513万,09-01,http://data.eastmoney.comhttp://data.eastmoney.com/bbsj/zcfz/600666.html
56,300892,品渥食品,详细  数据,4137万,21.88,6.24亿,1.99,3.96亿,1.66亿,948万,-68.82万,5.72亿,5254万,5507万,09-01,http://data.eastmoney.comhttp://data.eastmoney.com/bbsj/zcfz/300892.html
57,003006,百亚股份,详细  数据,6903万,-,5.74亿,-,3.05亿,1.56亿,1704万,-10.72万,4.92亿,8053万,8054万,09-01,http://data.eastmoney.comhttp://data.eastmoney.com/bbsj/zcfz/003006.html
58,003005,竞业达,详细  数据,1.02亿,-,3.76亿,-,1.82亿,3823万,1943万,-68.72万,2.57亿,1.18亿,1.18亿,09-01,http://data.eastmoney.comhttp://data.eastmoney.com/bbsj/zcfz/003005.html
59,003003,天元股份,详细  数据,3639万,2.60,4.93亿,2.99,3.82亿,3057万,1373万,-70.19万,4.47亿,4462万,4442万,09-01,http://data.eastmoney.comhttp://data.eastmoney.com/bbsj/zcfz/003003.html
60,000835,*ST长动,详细  数据,251万,-57.72,3169万,-46.13,1908万,306万,832万,2405万,5718万,-2657万,251万,09-01,http://data.eastmoney.comhttp://data.eastmoney.com/bbsj/zcfz/000835.html
61,688596,正帆科技,详细  数据,1535万,-,5.13亿,-,3.94亿,1332万,5115万,647万,4.91亿,1726万,1731万,08-31,http://data.eastmoney.comhttp://data.eastmoney.com/bbsj/zcfz/688596.html
62,688500,慧辰资讯,详细  数据,1461万,-,1.65亿,-,9881万,2844万,1214万,-321万,1.47亿,1812万,1816万,08-31,http://data.eastmoney.comhttp://data.eastmoney.com/bbsj/zcfz/688500.html
63,688379,华光新材,详细  数据,2886万,-,3.72亿,-,3.04亿,586万,891万,789万,3.41亿,3245万,3247万,08-31,http://data.eastmoney.comhttp://data.eastmoney.com/bbsj/zcfz/688379.html
64,688360,德马科技,详细  数据,1419万,-,3.09亿,-,2.28亿,2766万,2171万,320万,3亿,1754万,1995万,08-31,http://data.eastmoney.comhttp://data.eastmoney.com/bbsj/zcfz/688360.html
65,688218,江苏北人,详细  数据,2930万,9.40,2.26亿,17.51,1.69亿,288万,1053万,173万,1.95亿,3173万,3274万,08-31,http://data.eastmoney.comhttp://data.eastmoney.com/bbsj/zcfz/688218.html
66,688169,石头科技,详细  数据,3.86亿,-,21.25亿,-,14.35亿,1.23亿,2675万,178万,16.77亿,4.56亿,4.56亿,08-31,http://data.eastmoney.comhttp://data.eastmoney.com/bbsj/zcfz/688169.html
67,688165,埃夫特,详细  数据,-615万,-,6.24亿,-,5.16亿,2728万,8950万,309万,6.75亿,-3082万,-1868万,08-31,http://data.eastmoney.comhttp://data.eastmoney.com/bbsj/zcfz/688165.html
68,688122,西部超导,详细  数据,8573万,15.78,6.69亿,26.69,4.39亿,774万,4819万,1872万,5.73亿,9797万,9725万,08-31,http://data.eastmoney.comhttp://data.eastmoney.com/bbsj/zcfz/688122.html
69,688009,中国通号,详细  数据,22.68亿,14.31,205亿,8.49,157亿,3.7亿,10.88亿,-163万,179亿,28.71亿,28.73亿,08-31,http://data.eastmoney.comhttp://data.eastmoney.com/bbsj/zcfz/688009.html
70,603993,洛阳钼业,详细  数据,8.08亿,-74.12,99.79亿,-29.03,77.77亿,4107万,4.82亿,5.08亿,94.17亿,8.28亿,8.24亿,08-31,http://data.eastmoney.comhttp://data.eastmoney.com/bbsj/zcfz/603993.html
71,603843,正平股份,详细  数据,4014万,-4.59,14.01亿,22.93,12.27亿,610万,4959万,5380万,13.41亿,6186万,6190万,08-31,http://data.eastmoney.comhttp://data.eastmoney.com/bbsj/zcfz/603843.html
72,603808,歌力思,详细  数据,1.9亿,17.90,12.66亿,17.09,4.17亿,3.83亿,1.25亿,-104万,9.81亿,2.96亿,2.95亿,08-31,http://data.eastmoney.comhttp://data.eastmoney.com/bbsj/zcfz/603808.html
73,603737,三棵树,详细  数据,1.18亿,99.66,22.02亿,66.14,13.45亿,5.17亿,1.31亿,235万,20.71亿,1.5亿,1.42亿,08-31,http://data.eastmoney.comhttp://data.eastmoney.com/bbsj/zcfz/603737.html
74,603718,海利生物,详细  数据,1562万,-51.25,1.39亿,28.55,7454万,2315万,2015万,847万,1.44亿,622万,625万,08-31,http://data.eastmoney.comhttp://data.eastmoney.com/bbsj/zcfz/603718.html
75,603680,今创集团,详细  数据,1.78亿,-7.25,17.59亿,32.52,12.25亿,1.02亿,1.41亿,4224万,16.22亿,1.97亿,1.97亿,08-31,http://data.eastmoney.comhttp://data.eastmoney.com/bbsj/zcfz/603680.html
76,603633,徕木股份,详细  数据,2285万,2.14,2.16亿,1.25,1.45亿,944万,1271万,1207万,1.92亿,2324万,2637万,08-31,http://data.eastmoney.comhttp://data.eastmoney.com/bbsj/zcfz/603633.html
77,603628,清源股份,详细  数据,1690万,95.55,5.33亿,56.23,3.76亿,3162万,3738万,3508万,4.89亿,2162万,2155万,08-31,http://data.eastmoney.comhttp://data.eastmoney.com/bbsj/zcfz/603628.html
78,603619,中曼石油,详细  数据,2728万,-73.76,9.49亿,25.53,7.49亿,2474万,5962万,2958万,8.95亿,5865万,6247万,08-31,http://data.eastmoney.comhttp://data.eastmoney.com/bbsj/zcfz/603619.html
79,603527,众源新材,详细  数据,4443万,3.06,15.6亿,-1.53,14.64亿,1488万,760万,181万,15.1亿,4754万,5317万,08-31,http://data.eastmoney.comhttp://data.eastmoney.com/bbsj/zcfz/603527.html
80,603499,翔港科技,详细  数据,2279万,-10.89,1.66亿,-6.61,1.25亿,943万,1461万,-154万,1.56亿,1995万,2377万,08-31,http://data.eastmoney.comhttp://data.eastmoney.com/bbsj/zcfz/603499.html
81,603328,依顿电子,详细  数据,2.66亿,2.90,14.47亿,-4.05,10.31亿,2565万,6439万,-4048万,11.44亿,3.16亿,3.16亿,08-31,http://data.eastmoney.comhttp://data.eastmoney.com/bbsj/zcfz/603328.html
82,603269,海鸥股份,详细  数据,1242万,11.25,2.8亿,12.74,1.88亿,2871万,3222万,363万,2.62亿,1901万,1899万,08-31,http://data.eastmoney.comhttp://data.eastmoney.com/bbsj/zcfz/603269.html
83,603200,上海洗霸,详细  数据,4118万,-9.64,2.69亿,46.85,1.77亿,758万,2918万,-362万,2.28亿,4769万,4767万,08-31,http://data.eastmoney.comhttp://data.eastmoney.com/bbsj/zcfz/603200.html
84,603196,日播时尚,详细  数据,-1627万,-190.78,5.18亿,1.39,2.07亿,2.14亿,6915万,381万,5.19亿,-2334万,-2257万,08-31,http://data.eastmoney.comhttp://data.eastmoney.com/bbsj/zcfz/603196.html
85,603136,天目湖,详细  数据,5371万,9.56,2.2亿,0.27,7550万,2920万,3308万,-260万,1.39亿,8369万,8378万,08-31,http://data.eastmoney.comhttp://data.eastmoney.com/bbsj/zcfz/603136.html
86,603127,昭衍新药,详细  数据,4042万,78.86,2.01亿,48.65,9861万,500万,4026万,-99.17万,1.6亿,4799万,4798万,08-31,http://data.eastmoney.comhttp://data.eastmoney.com/bbsj/zcfz/603127.html
87,603078,江化微,详细  数据,1577万,-17.94,2.26亿,26.46,1.58亿,2201万,1431万,135万,2.09亿,1706万,1704万,08-31,http://data.eastmoney.comhttp://data.eastmoney.com/bbsj/zcfz/603078.html
88,603045,福达合金,详细  数据,3420万,34.52,6.73亿,8.83,5.79亿,585万,2688万,1298万,6.48亿,2723万,3771万,08-31,http://data.eastmoney.comhttp://data.eastmoney.com/bbsj/zcfz/603045.html
89,603026,石大胜华,详细  数据,2.25亿,70.45,23.41亿,-14.48,19.05亿,4758万,5932万,1250万,21.12亿,2.63亿,2.63亿,08-31,http://data.eastmoney.comhttp://data.eastmoney.com/bbsj/zcfz/603026.html
90,601991,大唐发电,详细  数据,8.6亿,-36.89,450亿,-1.10,374亿,1917万,11.09亿,36.52亿,428亿,30.53亿,25.89亿,08-31,http://data.eastmoney.comhttp://data.eastmoney.com/bbsj/zcfz/601991.html
91,601988,中国银行,详细  数据,1140亿,4.55,2767亿,10.06,-,-,682亿,-,1247亿,1521亿,1526亿,08-31,http://data.eastmoney.comhttp://data.eastmoney.com/bbsj/zcfz/601988.html
92,601939,建设银行,详细  数据,1542亿,4.87,3615亿,6.08,-,-,751亿,-,1704亿,1911亿,1912亿,08-31,http://data.eastmoney.comhttp://data.eastmoney.com/bbsj/zcfz/601939.html
93,601858,中国科传,详细  数据,1.38亿,22.73,10.36亿,12.62,7.22亿,6214万,1亿,-3073万,8.6亿,1.26亿,1.36亿,08-31,http://data.eastmoney.comhttp://data.eastmoney.com/bbsj/zcfz/601858.html
94,601698,中国卫通,详细  数据,2.08亿,24.34,13.12亿,2.05,7.85亿,2530万,8935万,-742万,9.25亿,3.77亿,4.15亿,08-31,http://data.eastmoney.comhttp://data.eastmoney.com/bbsj/zcfz/601698.html
95,601658,邮储银行,详细  数据,374亿,14.94,1416亿,6.95,-,-,723亿,-,1014亿,403亿,408亿,08-31,http://data.eastmoney.comhttp://data.eastmoney.com/bbsj/zcfz/601658.html
96,601619,嘉泽新能,详细  数据,1.55亿,-1.80,5.62亿,4.09,2.33亿,-,1240万,1.48亿,3.95亿,1.63亿,1.63亿,08-31,http://data.eastmoney.comhttp://data.eastmoney.com/bbsj/zcfz/601619.html
97,601519,大智慧,详细  数据,-7799万,-173.63,2.9亿,4.49,1.24亿,4404万,7786万,-1354万,2.83亿,1103万,-7192万,08-31,http://data.eastmoney.comhttp://data.eastmoney.com/bbsj/zcfz/601519.html
98,601398,工商银行,详细  数据,1679亿,4.67,4429亿,14.32,-,-,829亿,-,2340亿,2089亿,2092亿,08-31,http://data.eastmoney.comhttp://data.eastmoney.com/bbsj/zcfz/601398.html
99,601288,农业银行,详细  数据,1214亿,4.88,3232亿,5.51,-,-,832亿,-,1782亿,1450亿,1459亿,08-31,http://data.eastmoney.comhttp://data.eastmoney.com/bbsj/zcfz/601288.html
100,601212,白银有色,详细  数据,2.99亿,104.93,267亿,19.31,254亿,1.16亿,4.21亿,6.01亿,266亿,4.98亿,4.97亿,08-31,http://data.eastmoney.comhttp://data.eastmoney.com/bbsj/zcfz/601212.html
101,601162,天风证券,详细  数据,1.68亿,-27.50,18.14亿,34.55,-,-,12.04亿,-,16.03亿,2.12亿,2.64亿,08-31,http://data.eastmoney.comhttp://data.eastmoney.com/bbsj/zcfz/601162.html
102,601058,赛轮轮胎,详细  数据,5.07亿,59.34,70.92亿,8.03,55.19亿,4.26亿,2.26亿,1.29亿,64.56亿,5.75亿,5.76亿,08-31,http://data.eastmoney.comhttp://data.eastmoney.com/bbsj/zcfz/601058.html
103,601019,山东出版,详细  数据,7.62亿,2.11,41.86亿,-4.92,26.11亿,3.76亿,4.63亿,-1236万,34.63亿,7.58亿,7.63亿,08-31,http://data.eastmoney.comhttp://data.eastmoney.com/bbsj/zcfz/601019.html
104,600960,渤海汽车,详细  数据,1690万,-78.08,25.27亿,73.27,21.99亿,5892万,9670万,5798万,24.83亿,2650万,2861万,08-31,http://data.eastmoney.comhttp://data.eastmoney.com/bbsj/zcfz/600960.html
105,600929,湖南盐业,详细  数据,8699万,5.93,10.65亿,-4.59,5.65亿,2.35亿,7083万,749万,9.54亿,1.14亿,1.12亿,08-31,http://data.eastmoney.comhttp://data.eastmoney.com/bbsj/zcfz/600929.html
106,600900,长江电力,详细  数据,85.72亿,0.59,204亿,6.00,87.57亿,887万,2.61亿,26.58亿,122亿,104亿,102亿,08-31,http://data.eastmoney.comhttp://data.eastmoney.com/bbsj/zcfz/600900.html
107,600890,中房股份,详细  数据,-1468万,29.70,25.87万,-24.78,240万,0,1235万,-83.43万,1454万,-1468万,-1468万,08-31,http://data.eastmoney.comhttp://data.eastmoney.com/bbsj/zcfz/600890.html
108,600816,*ST安信,详细  数据,1158万,-98.93,4.52亿,-91.68,-,-,1.8亿,-,4.99亿,-1.21亿,1858万,08-31,http://data.eastmoney.comhttp://data.eastmoney.com/bbsj/zcfz/600816.html
109,600811,东方集团,详细  数据,3.52亿,-33.04,55.81亿,29.94,54.77亿,4909万,1.98亿,4.6亿,61.99亿,2.75亿,2.74亿,08-31,http://data.eastmoney.comhttp://data.eastmoney.com/bbsj/zcfz/600811.html
110,600803,新奥股份,详细  数据,19.02亿,25.29,452亿,0.43,375亿,6.18亿,16.18亿,6.45亿,408亿,60.59亿,62.27亿,08-31,http://data.eastmoney.comhttp://data.eastmoney.com/bbsj/zcfz/600803.html
111,600793,宜宾纸业,详细  数据,1713万,-92.13,6.4亿,-8.00,5.96亿,2440万,3607万,5659万,7.2亿,1617万,1713万,08-31,http://data.eastmoney.comhttp://data.eastmoney.com/bbsj/zcfz/600793.html
112,600783,鲁信创投,详细  数据,5187万,-78.18,1.12亿,13.85,7575万,672万,3664万,3573万,1.63亿,5162万,5349万,08-31,http://data.eastmoney.comhttp://data.eastmoney.com/bbsj/zcfz/600783.html
113,600776,东方通信,详细  数据,5057万,-10.17,11.78亿,11.40,10.02亿,3565万,3604万,-1004万,11.38亿,5884万,6285万,08-31,http://data.eastmoney.comhttp://data.eastmoney.com/bbsj/zcfz/600776.html
114,600760,中航沈飞,详细  数据,4.31亿,331.68,113亿,80.35,103亿,433万,3.11亿,-2534万,107亿,5.14亿,5.13亿,08-31,http://data.eastmoney.comhttp://data.eastmoney.com/bbsj/zcfz/600760.html
115,600759,洲际油气,详细  数据,3061万,-46.36,13.4亿,-27.75,4.16亿,1.21亿,9869万,2.86亿,12.48亿,8944万,8836万,08-31,http://data.eastmoney.comhttp://data.eastmoney.com/bbsj/zcfz/600759.html
116,600751,海航科技,详细  数据,1.39亿,16873,1570亿,4.55,1459亿,19.45亿,67.42亿,17.76亿,1565亿,5.37亿,5.37亿,08-31,http://data.eastmoney.comhttp://data.eastmoney.com/bbsj/zcfz/600751.html
117,600745,闻泰科技,详细  数据,1.96亿,210.65,114亿,110.71,105亿,3570万,1.97亿,2.08亿,113亿,2.77亿,2.8亿,08-31,http://data.eastmoney.comhttp://data.eastmoney.com/bbsj/zcfz/600745.html
118,600744,华银电力,详细  数据,-1.78亿,-863.05,33.79亿,-21.63,31.86亿,596万,7459万,2.65亿,35.8亿,-1.61亿,-1.61亿,08-31,http://data.eastmoney.comhttp://data.eastmoney.com/bbsj/zcfz/600744.html
119,600730,中国高科,详细  数据,29.43万,105.21,5841万,16.28,901万,932万,2631万,1916万,7369万,1312万,1290万,08-31,http://data.eastmoney.comhttp://data.eastmoney.com/bbsj/zcfz/600730.html
120,600649,城投控股,详细  数据,3.74亿,-47.15,18.23亿,-56.02,15.89亿,1484万,3181万,1634万,16.15亿,4.91亿,5.17亿,08-31,http://data.eastmoney.comhttp://data.eastmoney.com/bbsj/zcfz/600649.html
121,600619,海立股份,详细  数据,1.69亿,0.78,68.25亿,-2.27,59.23亿,1.71亿,2.22亿,5761万,66.21亿,2.46亿,2.47亿,08-31,http://data.eastmoney.comhttp://data.eastmoney.com/bbsj/zcfz/600619.html
122,600600,青岛啤酒,详细  数据,16.31亿,25.21,166亿,9.22,99.12亿,29.89亿,5.91亿,-2.35亿,146亿,23.09亿,23.22亿,08-31,http://data.eastmoney.comhttp://data.eastmoney.com/bbsj/zcfz/600600.html
123,600567,山鹰纸业,详细  数据,9.25亿,-45.77,112亿,-6.56,88.96亿,4.32亿,5.07亿,2.8亿,105亿,10.56亿,10.49亿,08-31,http://data.eastmoney.comhttp://data.eastmoney.com/bbsj/zcfz/600567.html
124,600562,国睿科技,详细  数据,1.51亿,-16.33,11.77亿,1.48,8.51亿,3151万,4859万,-48.57万,9.9亿,1.91亿,1.91亿,08-31,http://data.eastmoney.comhttp://data.eastmoney.com/bbsj/zcfz/600562.html
125,600522,中天科技,详细  数据,10.86亿,2.16,186亿,18.34,161亿,5.39亿,2.64亿,8949万,175亿,12.92亿,12.94亿,08-31,http://data.eastmoney.comhttp://data.eastmoney.com/bbsj/zcfz/600522.html
126,600521,华海药业,详细  数据,3.35亿,45.95,26.53亿,4.50,10.96亿,4.6亿,4.09亿,1.09亿,23.01亿,4.37亿,4.29亿,08-31,http://data.eastmoney.comhttp://data.eastmoney.com/bbsj/zcfz/600521.html
127,600497,驰宏锌锗,详细  数据,6.97亿,-4.69,97.43亿,-5.78,81.26亿,3789万,4.33亿,2.77亿,89.48亿,8.17亿,8.18亿,08-31,http://data.eastmoney.comhttp://data.eastmoney.com/bbsj/zcfz/600497.html
128,600496,精工钢构,详细  数据,1.82亿,53.16,46.69亿,19.88,39.38亿,6863万,1.8亿,8102万,44.73亿,1.83亿,1.9亿,08-31,http://data.eastmoney.comhttp://data.eastmoney.com/bbsj/zcfz/600496.html
129,600487,亨通光电,详细  数据,7.31亿,-37.65,154亿,0.92,128亿,5.09亿,4.69亿,3.8亿,147亿,8.25亿,8.21亿,08-31,http://data.eastmoney.comhttp://data.eastmoney.com/bbsj/zcfz/600487.html
130,600428,中远海特,详细  数据,9943万,67.56,39.86亿,17.18,34.17亿,2441万,2.6亿,1.81亿,38.96亿,1.25亿,1.25亿,08-31,http://data.eastmoney.comhttp://data.eastmoney.com/bbsj/zcfz/600428.html
131,600381,青海春天,详细  数据,276万,-96.66,1.32亿,-29.87,9494万,2868万,2520万,-626万,1.45亿,-465万,254万,08-31,http://data.eastmoney.comhttp://data.eastmoney.com/bbsj/zcfz/600381.html
132,600369,西南证券,详细  数据,4.9亿,60.98,17.1亿,12.17,-,-,10.2亿,-,11.68亿,5.41亿,5.37亿,08-31,http://data.eastmoney.comhttp://data.eastmoney.com/bbsj/zcfz/600369.html
133,600306,*ST商城,详细  数据,-4888万,10.11,5.28亿,16.80,4.43亿,391万,6800万,3807万,5.71亿,-4368万,-4381万,08-31,http://data.eastmoney.comhttp://data.eastmoney.com/bbsj/zcfz/600306.html
134,600290,*ST华仪,详细  数据,312万,-42.84,5.33亿,-32.77,3.82亿,7063万,6025万,1231万,5.49亿,1701万,1664万,08-31,http://data.eastmoney.comhttp://data.eastmoney.com/bbsj/zcfz/600290.html
135,600247,*ST成城,详细  数据,-2276万,-193.51,697万,-71.92,161万,219万,342万,1990万,2776万,-2296万,-2291万,08-31,http://data.eastmoney.comhttp://data.eastmoney.com/bbsj/zcfz/600247.html
136,600242,*ST中昌,详细  数据,5015万,23.40,16.54亿,44.48,14.88亿,2482万,3326万,3486万,15.86亿,7034万,7073万,08-31,http://data.eastmoney.comhttp://data.eastmoney.com/bbsj/zcfz/600242.html
137,600212,*ST江泉,详细  数据,-1.44亿,-1324,1.29亿,17.00,1.19亿,49.01万,1234万,-13.17万,1.34亿,-1.44亿,-1.44亿,08-31,http://data.eastmoney.comhttp://data.eastmoney.com/bbsj/zcfz/600212.html
138,600210,紫江企业,详细  数据,2.78亿,-6.51,46.57亿,-1.41,37.17亿,1.94亿,3.07亿,7737万,44.03亿,3.39亿,3.39亿,08-31,http://data.eastmoney.comhttp://data.eastmoney.com/bbsj/zcfz/600210.html
139,600178,东安动力,详细  数据,-420万,-132.11,8.03亿,15.52,7.08亿,2197万,6255万,852万,8.16亿,-441万,-420万,08-31,http://data.eastmoney.comhttp://data.eastmoney.com/bbsj/zcfz/600178.html
140,600177,雅戈尔,详细  数据,20.27亿,36.16,45.83亿,27.81,20.47亿,10.47亿,3.92亿,5.73亿,42.2亿,21.65亿,22.69亿,08-31,http://data.eastmoney.comhttp://data.eastmoney.com/bbsj/zcfz/600177.html
141,600151,航天机电,详细  数据,-9770万,44.06,32.38亿,-3.08,28.59亿,1.33亿,1.99亿,2531万,33.55亿,-1.02亿,-1.02亿,08-31,http://data.eastmoney.comhttp://data.eastmoney.com/bbsj/zcfz/600151.html
142,600139,西部资源,详细  数据,-2787万,-309.13,7284万,-57.68,3498万,-,1613万,2795万,7967万,-747万,-1350万,08-31,http://data.eastmoney.comhttp://data.eastmoney.com/bbsj/zcfz/600139.html
143,600128,弘业股份,详细  数据,-952万,74.06,16.03亿,-30.16,14.78亿,1.04亿,4524万,916万,16.41亿,-2055万,-501万,08-31,http://data.eastmoney.comhttp://data.eastmoney.com/bbsj/zcfz/600128.html
144,600112,ST天成,详细  数据,-3861万,-30.23,8415万,-67.97,7282万,1371万,2354万,2412万,1.37亿,-4879万,-4894万,08-31,http://data.eastmoney.comhttp://data.eastmoney.com/bbsj/zcfz/600112.html
145,600093,易见股份,详细  数据,4.61亿,10.23,62.89亿,-30.25,55.79亿,6.05万,2843万,6178万,57.47亿,5.51亿,5.51亿,08-31,http://data.eastmoney.comhttp://data.eastmoney.com/bbsj/zcfz/600093.html
146,600077,宋都股份,详细  数据,-6794万,-158.51,4.56亿,-61.70,2.85亿,1.15亿,9156万,-4955万,4.87亿,-7940万,-7910万,08-31,http://data.eastmoney.comhttp://data.eastmoney.com/bbsj/zcfz/600077.html
147,600064,南京高科,详细  数据,11.95亿,69.90,7.93亿,-59.46,4.57亿,8122万,6946万,8351万,7.64亿,13.48亿,13.48亿,08-31,http://data.eastmoney.comhttp://data.eastmoney.com/bbsj/zcfz/600064.html
148,600028,中国石化,详细  数据,313亿,-24.67,1.5万亿,15.29,1.26万亿,297亿,270亿,51.63亿,1.45万亿,492亿,491亿,08-31,http://data.eastmoney.comhttp://data.eastmoney.com/bbsj/zcfz/600028.html
149,600015,华夏银行,详细  数据,105亿,5.06,398亿,21.05,-,-,106亿,-,264亿,134亿,135亿,08-31,http://data.eastmoney.comhttp://data.eastmoney.com/bbsj/zcfz/600015.html
150,600012,皖通高速,详细  数据,5.48亿,-1.39,14.68亿,0.00,6.41亿,-,4586万,2471万,7.23亿,7.63亿,7.63亿,08-31,http://data.eastmoney.comhttp://data.eastmoney.com/bbsj/zcfz/600012.html
151,600010,包钢股份,详细  数据,10.41亿,-26.46,303亿,-4.33,256亿,10.92亿,6.63亿,13.04亿,290亿,14.23亿,14.39亿,08-31,http://data.eastmoney.comhttp://data.eastmoney.com/bbsj/zcfz/600010.html
152,300891,惠云钛业,详细  数据,5528万,20.01,5.06亿,15.28,3.99亿,1240万,1848万,393万,4.51亿,6500万,6456万,08-31,http://data.eastmoney.comhttp://data.eastmoney.com/bbsj/zcfz/300891.html
153,300890,翔丰华,详细  数据,4485万,72.31,3.13亿,29.86,2.44亿,541万,946万,347万,2.73亿,5041万,4915万,08-31,http://data.eastmoney.comhttp://data.eastmoney.com/bbsj/zcfz/300890.html
154,300347,泰格医药,详细  数据,3.52亿,61.04,13.37亿,29.49,7.01亿,3940万,1.5亿,1398万,9.68亿,4.33亿,4.36亿,08-31,http://data.eastmoney.comhttp://data.eastmoney.com/bbsj/zcfz/300347.html
155,300309,吉艾科技,详细  数据,-4.01亿,4.96,4.77亿,41.31,2.42亿,25.72万,3014万,786万,2.83亿,-4.36亿,-4.3亿,08-31,http://data.eastmoney.comhttp://data.eastmoney.com/bbsj/zcfz/300309.html
156,300084,海默科技,详细  数据,-2917万,-8.17,2亿,4.89,1.34亿,3300万,4265万,2047万,2.44亿,-2976万,-2994万,08-31,http://data.eastmoney.comhttp://data.eastmoney.com/bbsj/zcfz/300084.html
157,003002,壶化股份,详细  数据,3905万,-,2.16亿,-,1.12亿,2245万,3846万,-2.46万,1.81亿,4839万,4828万,08-31,http://data.eastmoney.comhttp://data.eastmoney.com/bbsj/zcfz/003002.html
158,002991,甘源食品,详细  数据,5455万,-,4.49亿,-,2.64亿,8970万,1683万,-3.41万,3.79亿,7443万,7404万,08-31,http://data.eastmoney.comhttp://data.eastmoney.com/bbsj/zcfz/002991.html
159,002969,嘉美包装,详细  数据,6637万,26.77,11.63亿,-12.11,9.56亿,3227万,6180万,3188万,10.94亿,8429万,8390万,08-31,http://data.eastmoney.comhttp://data.eastmoney.com/bbsj/zcfz/002969.html
160,002966,苏州银行,详细  数据,14.3亿,10.44,48.41亿,30.32,-,-,13.63亿,-,29.4亿,19.02亿,18.94亿,08-31,http://data.eastmoney.comhttp://data.eastmoney.com/bbsj/zcfz/002966.html
161,002960,青鸟消防,详细  数据,1.4亿,7.54,9.27亿,29.17,5.63亿,7834万,4157万,203万,7.38亿,1.61亿,1.61亿,08-31,http://data.eastmoney.comhttp://data.eastmoney.com/bbsj/zcfz/002960.html
162,002941,新疆交建,详细  数据,637万,-97.22,16.37亿,-5.98,14.92亿,653万,7241万,2509万,16.05亿,2445万,2379万,08-31,http://data.eastmoney.comhttp://data.eastmoney.com/bbsj/zcfz/002941.html
163,002936,郑州银行,详细  数据,24.69亿,4.34,62.57亿,21.26,-,-,16.6亿,-,32亿,30.56亿,30.59亿,08-31,http://data.eastmoney.comhttp://data.eastmoney.com/bbsj/zcfz/002936.html
164,002919,名臣健康,详细  数据,1302万,-33.13,2.32亿,-10.72,1.45亿,4728万,2005万,-56.24万,2.21亿,1431万,1438万,08-31,http://data.eastmoney.comhttp://data.eastmoney.com/bbsj/zcfz/002919.html
165,002905,金逸影视,详细  数据,5520万,-36.78,10.16亿,0.12,7.94亿,1.2亿,4805万,342万,9.79亿,7735万,7493万,08-31,http://data.eastmoney.comhttp://data.eastmoney.com/bbsj/zcfz/002905.html
166,002891,中宠股份,详细  数据,1611万,-38.91,7.87亿,21.58,6.11亿,7701万,3120万,1102万,7.43亿,4165万,4196万,08-31,http://data.eastmoney.comhttp://data.eastmoney.com/bbsj/zcfz/002891.html
167,002867,周大生,详细  数据,4.75亿,34.63,23.9亿,12.51,14.88亿,2.59亿,5746万,452万,18.42亿,5.93亿,6.17亿,08-31,http://data.eastmoney.comhttp://data.eastmoney.com/bbsj/zcfz/002867.html
168,002866,传艺科技,详细  数据,4265万,-13.93,6.92亿,69.39,5.44亿,2659万,4385万,399万,6.49亿,4783万,4687万,08-31,http://data.eastmoney.comhttp://data.eastmoney.com/bbsj/zcfz/002866.html
169,002855,捷荣技术,详细  数据,2678万,5.05,13.22亿,31.22,11.11亿,1456万,1.12亿,1237万,12.87亿,1927万,1935万,08-31,http://data.eastmoney.comhttp://data.eastmoney.com/bbsj/zcfz/002855.html
170,002833,弘亚数控,详细  数据,1.66亿,1.04,6.57亿,7.96,4.08亿,2271万,3209万,-111万,4.94亿,1.95亿,1.95亿,08-31,http://data.eastmoney.comhttp://data.eastmoney.com/bbsj/zcfz/002833.html
171,002792,通宇通讯,详细  数据,5107万,27.25,8.06亿,18.80,5.68亿,6818万,4668万,-1441万,7.44亿,6100万,5930万,08-31,http://data.eastmoney.comhttp://data.eastmoney.com/bbsj/zcfz/002792.html
172,002775,文科园林,详细  数据,1.36亿,4.41,14.5亿,5.08,11.58亿,-,5904万,3569万,12.75亿,1.61亿,1.61亿,08-31,http://data.eastmoney.comhttp://data.eastmoney.com/bbsj/zcfz/002775.html
173,002761,多喜爱,详细  数据,4.27亿,-123.98,328亿,-7.16,308亿,2312万,6.87亿,3.47亿,320亿,6.36亿,5.96亿,08-31,http://data.eastmoney.comhttp://data.eastmoney.com/bbsj/zcfz/002761.html
174,002749,国光股份,详细  数据,1.41亿,2.11,5.65亿,16.56,2.99亿,6427万,2521万,-414万,4.01亿,1.64亿,1.64亿,08-31,http://data.eastmoney.comhttp://data.eastmoney.com/bbsj/zcfz/002749.html
175,002734,利民股份,详细  数据,1.99亿,92.98,10.88亿,52.65,7.87亿,5089万,7120万,1853万,9.62亿,2.34亿,2.34亿,08-31,http://data.eastmoney.comhttp://data.eastmoney.com/bbsj/zcfz/002734.html
176,002716,*ST金贵,详细  数据,-3796万,-128.89,42.48亿,-22.55,40.36亿,400万,5766万,1.89亿,42.95亿,-4194万,-4278万,08-31,http://data.eastmoney.comhttp://data.eastmoney.com/bbsj/zcfz/002716.html
177,002692,ST远程,详细  数据,4432万,29.97,12.81亿,-8.89,10.24亿,7603万,5482万,2461万,12.06亿,5390万,5424万,08-31,http://data.eastmoney.comhttp://data.eastmoney.com/bbsj/zcfz/002692.html
178,002671,龙泉股份,详细  数据,-2363万,-425.81,5.26亿,23.01,4.15亿,2950万,7609万,2035万,5.56亿,-2947万,-2943万,08-31,http://data.eastmoney.comhttp://data.eastmoney.com/bbsj/zcfz/002671.html
179,002651,利君股份,详细  数据,8172万,3.02,2.76亿,0.02,1.51亿,1760万,3216万,-657万,2.03亿,9249万,9632万,08-31,http://data.eastmoney.comhttp://data.eastmoney.com/bbsj/zcfz/002651.html
180,002638,*ST勤上,详细  数据,705万,-91.50,5.76亿,-11.68,4.62亿,4919万,5427万,-165万,5.71亿,1228万,1297万,08-31,http://data.eastmoney.comhttp://data.eastmoney.com/bbsj/zcfz/002638.html
181,002635,安洁科技,详细  数据,1.78亿,-25.08,13.86亿,-5.50,10.45亿,3268万,1.14亿,-315万,12.96亿,-3.84亿,1.98亿,08-31,http://data.eastmoney.comhttp://data.eastmoney.com/bbsj/zcfz/002635.html
182,002610,爱康科技,详细  数据,3279万,-46.25,25.24亿,0.88,21.32亿,7691万,1.06亿,1.69亿,25.12亿,3883万,3993万,08-31,http://data.eastmoney.comhttp://data.eastmoney.com/bbsj/zcfz/002610.html
183,002607,中公教育,详细  数据,4.93亿,132.18,36.37亿,48.79,15.45亿,6.75亿,5亿,4251万,30.99亿,5.93亿,5.95亿,08-31,http://data.eastmoney.comhttp://data.eastmoney.com/bbsj/zcfz/002607.html
184,002572,索菲亚,详细  数据,3.91亿,5.96,31.42亿,5.17,19.91亿,3.45亿,2.65亿,1397万,27.22亿,4.77亿,4.77亿,08-31,http://data.eastmoney.comhttp://data.eastmoney.com/bbsj/zcfz/002572.html
185,002555,三七互娱,详细  数据,10.33亿,28.91,60.71亿,83.83,8.39亿,36.32亿,8805万,433万,49.09亿,12.9亿,12.91亿,08-31,http://data.eastmoney.comhttp://data.eastmoney.com/bbsj/zcfz/002555.html
186,002501,*ST利源,详细  数据,-7.96亿,-23.58,9088万,-67.26,3.47亿,263万,1.04亿,3.48亿,8.31亿,-7.34亿,-7.96亿,08-31,http://data.eastmoney.comhttp://data.eastmoney.com/bbsj/zcfz/002501.html
187,002486,嘉麟杰,详细  数据,650万,243.61,4.44亿,12.04,3.52亿,5609万,2903万,-198万,4.38亿,1195万,1109万,08-31,http://data.eastmoney.comhttp://data.eastmoney.com/bbsj/zcfz/002486.html
188,002466,天齐锂业,详细  数据,1.93亿,-85.23,25.9亿,-21.28,10.08亿,2001万,1.34亿,10.1亿,22.06亿,6.18亿,7.03亿,08-31,http://data.eastmoney.comhttp://data.eastmoney.com/bbsj/zcfz/002466.html
189,002422,科伦药业,详细  数据,7.28亿,-5.91,89.22亿,14.50,35.77亿,32.41亿,4.76亿,2.91亿,82.29亿,8.49亿,8.48亿,08-31,http://data.eastmoney.comhttp://data.eastmoney.com/bbsj/zcfz/002422.html
190,002408,齐翔腾达,详细  数据,3.54亿,-29.90,165亿,116.62,156亿,9177万,1.41亿,7245万,161亿,4.35亿,4.42亿,08-31,http://data.eastmoney.comhttp://data.eastmoney.com/bbsj/zcfz/002408.html
191,002404,嘉欣丝绸,详细  数据,7859万,14.46,17.45亿,10.30,14.7亿,7811万,7242万,826万,16.61亿,1.04亿,1.05亿,08-31,http://data.eastmoney.comhttp://data.eastmoney.com/bbsj/zcfz/002404.html
192,002375,亚厦股份,详细  数据,1.87亿,-7.45,47.26亿,12.25,40.57亿,1.49亿,1.56亿,4856万,45.38亿,2.29亿,2.29亿,08-31,http://data.eastmoney.comhttp://data.eastmoney.com/bbsj/zcfz/002375.html
193,002371,北方华创,详细  数据,1.29亿,8.03,16.55亿,18.63,9.32亿,1.02亿,2.48亿,4042万,15.48亿,1.87亿,1.98亿,08-31,http://data.eastmoney.comhttp://data.eastmoney.com/bbsj/zcfz/002371.html
194,002361,神剑股份,详细  数据,5812万,28.57,9.72亿,9.83,7.81亿,3452万,3079万,1816万,9.04亿,6463万,6611万,08-31,http://data.eastmoney.comhttp://data.eastmoney.com/bbsj/zcfz/002361.html
195,002356,*ST赫美,详细  数据,-2.93亿,-81.69,4.94亿,-57.02,2.59亿,6634万,8821万,7317万,4.99亿,-5.57亿,-5.56亿,08-31,http://data.eastmoney.comhttp://data.eastmoney.com/bbsj/zcfz/002356.html
196,002349,精华制药,详细  数据,1.29亿,1.11,6.37亿,3.24,2.9亿,8194万,5763万,719万,4.65亿,1.72亿,1.73亿,08-31,http://data.eastmoney.comhttp://data.eastmoney.com/bbsj/zcfz/002349.html
197,002291,星期六,详细  数据,6084万,106.24,8.91亿,21.11,4.26亿,2.46亿,4907万,3525万,7.84亿,7099万,7218万,08-31,http://data.eastmoney.comhttp://data.eastmoney.com/bbsj/zcfz/002291.html
198,002288,超华科技,详细  数据,3216万,-11.39,7.1亿,-0.17,5.57亿,1827万,3083万,3020万,6.73亿,3787万,2933万,08-31,http://data.eastmoney.comhttp://data.eastmoney.com/bbsj/zcfz/002288.html
199,002266,浙富控股,详细  数据,2.42亿,1.31,30.01亿,-1.59,21.28亿,1888万,1.53亿,7451万,25.41亿,7.17亿,7.07亿,08-31,http://data.eastmoney.comhttp://data.eastmoney.com/bbsj/zcfz/002266.html
200,002254,泰和新材,详细  数据,9387万,-6.33,12.69亿,27.29,10.51亿,3757万,3455万,456万,11.72亿,9764万,9744万,08-31,http://data.eastmoney.comhttp://data.eastmoney.com/bbsj/zcfz/002254.html
201,002250,联化科技,详细  数据,2.39亿,4129,23.87亿,31.16,15.62亿,3446万,3.47亿,2835万,20.91亿,3.26亿,3.21亿,08-31,http://data.eastmoney.comhttp://data.eastmoney.com/bbsj/zcfz/002250.html
202,002229,鸿博股份,详细  数据,-735万,21.03,2.9亿,-15.09,2.16亿,2146万,3460万,138万,2.88亿,346万,355万,08-31,http://data.eastmoney.comhttp://data.eastmoney.com/bbsj/zcfz/002229.html
203,002212,南洋股份,详细  数据,-7913万,-871.49,25.79亿,-5.76,20.66亿,2.57亿,1.68亿,1422万,27.37亿,-9170万,-9019万,08-31,http://data.eastmoney.comhttp://data.eastmoney.com/bbsj/zcfz/002212.html
204,002205,国统股份,详细  数据,-306万,41.39,2.28亿,-12.90,1.79亿,839万,3901万,2782万,2.61亿,-2575万,322万,08-31,http://data.eastmoney.comhttp://data.eastmoney.com/bbsj/zcfz/002205.html
205,002199,东晶电子,详细  数据,-1131万,-9.10,9351万,-2.95,8276万,120万,1108万,-27.84万,1.02亿,-807万,-1128万,08-31,http://data.eastmoney.comhttp://data.eastmoney.com/bbsj/zcfz/002199.html
206,002198,嘉应制药,详细  数据,1390万,21.93,2.15亿,0.59,5118万,1.11亿,3207万,95.18万,1.99亿,1489万,1676万,08-31,http://data.eastmoney.comhttp://data.eastmoney.com/bbsj/zcfz/002198.html
207,002159,三特索道,详细  数据,-3720万,-138.54,2.83亿,6.11,1.32亿,1391万,7537万,5541万,2.8亿,-674万,-762万,08-31,http://data.eastmoney.comhttp://data.eastmoney.com/bbsj/zcfz/002159.html
208,002120,韵达股份,详细  数据,12.96亿,29.60,156亿,163.51,132亿,9901万,5.38亿,143万,139亿,17.77亿,17.59亿,08-31,http://data.eastmoney.comhttp://data.eastmoney.com/bbsj/zcfz/002120.html
209,002081,金螳螂,详细  数据,11.08亿,12.05,138亿,26.51,112亿,3.72亿,5.03亿,6005万,126亿,12.73亿,12.75亿,08-31,http://data.eastmoney.comhttp://data.eastmoney.com/bbsj/zcfz/002081.html
210,002067,景兴纸业,详细  数据,1.29亿,-47.98,25.72亿,-8.53,23.2亿,7180万,4506万,4103万,25.87亿,1.4亿,1.41亿,08-31,http://data.eastmoney.comhttp://data.eastmoney.com/bbsj/zcfz/002067.html
211,002044,美年健康,详细  数据,1684万,-89.40,36.41亿,2.93,23.44亿,9.1亿,3.09亿,1.88亿,37.8亿,7925万,7602万,08-31,http://data.eastmoney.comhttp://data.eastmoney.com/bbsj/zcfz/002044.html
212,002035,华帝股份,详细  数据,3.95亿,15.32,29.3亿,-7.68,14.68亿,8.04亿,1.03亿,-2655万,24.75亿,4.28亿,4.46亿,08-31,http://data.eastmoney.comhttp://data.eastmoney.com/bbsj/zcfz/002035.html
213,002019,亿帆医药,详细  数据,4.85亿,-10.04,25.18亿,8.27,14.2亿,2.84亿,1.78亿,1950万,19.85亿,5.9亿,5.87亿,08-31,http://data.eastmoney.comhttp://data.eastmoney.com/bbsj/zcfz/002019.html
214,002005,*ST德豪,详细  数据,-1.08亿,-637.62,14.54亿,-21.92,12.9亿,7009万,1.17亿,4237万,16.29亿,-1.11亿,-1.1亿,08-31,http://data.eastmoney.comhttp://data.eastmoney.com/bbsj/zcfz/002005.html
215,000981,*ST银亿,详细  数据,-2.75亿,-132.12,38.61亿,-23.20,30.92亿,6861万,5.26亿,3.61亿,41.41亿,-3.14亿,-3.26亿,08-31,http://data.eastmoney.comhttp://data.eastmoney.com/bbsj/zcfz/000981.html
216,000976,华铁股份,详细  数据,1.43亿,1.97,7.48亿,11.39,5.11亿,1119万,4585万,478万,5.87亿,1.64亿,1.65亿,08-31,http://data.eastmoney.comhttp://data.eastmoney.com/bbsj/zcfz/000976.html
217,000975,银泰黄金,详细  数据,4.38亿,60.65,25.28亿,20.63,17.06亿,89.56万,1.1亿,1107万,18.81亿,6.61亿,6.47亿,08-31,http://data.eastmoney.comhttp://data.eastmoney.com/bbsj/zcfz/000975.html
218,000972,ST中基,详细  数据,2821万,133.65,2亿,-40.40,1.89亿,19.4万,1897万,798万,2.19亿,2866万,2879万,08-31,http://data.eastmoney.comhttp://data.eastmoney.com/bbsj/zcfz/000972.html
219,000971,*ST高升,详细  数据,758万,-73.03,4.25亿,0.60,3.06亿,1034万,6073万,-124万,3.96亿,-1078万,-1119万,08-31,http://data.eastmoney.comhttp://data.eastmoney.com/bbsj/zcfz/000971.html
220,000969,安泰科技,详细  数据,7320万,858.56,24.83亿,-3.12,20.21亿,6937万,1.95亿,3476万,24.24亿,1.08亿,1.08亿,08-31,http://data.eastmoney.comhttp://data.eastmoney.com/bbsj/zcfz/000969.html
221,000917,电广传媒,详细  数据,1117万,131.63,29.05亿,-37.34,20.78亿,2.34亿,5.28亿,1.85亿,30.78亿,5660万,7570万,08-31,http://data.eastmoney.comhttp://data.eastmoney.com/bbsj/zcfz/000917.html
222,000913,钱江摩托,详细  数据,8829万,31.03,18.91亿,-1.05,14.79亿,6692万,9119万,323万,17.67亿,1.11亿,1.17亿,08-31,http://data.eastmoney.comhttp://data.eastmoney.com/bbsj/zcfz/000913.html
223,000909,数源科技,详细  数据,1579万,-21.21,4.24亿,-58.46,2.99亿,510万,2052万,3859万,3.88亿,3386万,3245万,08-31,http://data.eastmoney.comhttp://data.eastmoney.com/bbsj/zcfz/000909.html
224,000881,中广核技,详细  数据,4729万,-58.82,28.94亿,0.67,24.3亿,7472万,2.2亿,8377万,29.05亿,6875万,7069万,08-31,http://data.eastmoney.comhttp://data.eastmoney.com/bbsj/zcfz/000881.html
225,000880,潍柴重机,详细  数据,4559万,1.53,13.32亿,11.03,11.35亿,3895万,5828万,-799万,13.18亿,4914万,4920万,08-31,http://data.eastmoney.comhttp://data.eastmoney.com/bbsj/zcfz/000880.html
226,000876,新希望,详细  数据,15.62亿,84.61,353亿,11.54,320亿,8.53亿,11.12亿,1.84亿,343亿,23.34亿,22.34亿,08-31,http://data.eastmoney.comhttp://data.eastmoney.com/bbsj/zcfz/000876.html
227,000850,华茂股份,详细  数据,3.06亿,131.72,13.86亿,7.25,12.13亿,3299万,6412万,5566万,14.25亿,3.58亿,3.57亿,08-31,http://data.eastmoney.comhttp://data.eastmoney.com/bbsj/zcfz/000850.html
228,000820,*ST节能,详细  数据,-8652万,-4.68,752万,380.24,496万,623万,3140万,3706万,8951万,-8524万,-8652万,08-31,http://data.eastmoney.comhttp://data.eastmoney.com/bbsj/zcfz/000820.html
229,000819,岳阳兴长,详细  数据,2661万,6.05,7.8亿,-19.59,6.97亿,835万,3369万,-24.22万,7.45亿,3559万,3563万,08-31,http://data.eastmoney.comhttp://data.eastmoney.com/bbsj/zcfz/000819.html
230,000801,四川九洲,详细  数据,379万,-73.71,13.08亿,-19.78,10.54亿,6044万,7370万,1754万,13.12亿,766万,815万,08-31,http://data.eastmoney.comhttp://data.eastmoney.com/bbsj/zcfz/000801.html
231,000710,贝瑞基因,详细  数据,2.51亿,71.95,7.53亿,16.87,2.93亿,1.4亿,5500万,-162万,5.43亿,2.8亿,2.81亿,08-31,http://data.eastmoney.comhttp://data.eastmoney.com/bbsj/zcfz/000710.html
232,000680,山推股份,详细  数据,4412万,-41.12,34.82亿,-24.37,29.72亿,1.9亿,1.4亿,4891万,34.79亿,5823万,5997万,08-31,http://data.eastmoney.comhttp://data.eastmoney.com/bbsj/zcfz/000680.html
233,000663,*ST永林,详细  数据,-2491万,22.53,3.68亿,-16.12,2.96亿,2616万,5467万,3352万,4.15亿,-2731万,-2631万,08-31,http://data.eastmoney.comhttp://data.eastmoney.com/bbsj/zcfz/000663.html
234,000652,泰达股份,详细  数据,6147万,44.40,66.33亿,0.16,63.04亿,3263万,1.16亿,2.71亿,67.39亿,2254万,2725万,08-31,http://data.eastmoney.comhttp://data.eastmoney.com/bbsj/zcfz/000652.html
235,000651,格力电器,详细  数据,138亿,7.37,983亿,6.89,671亿,104亿,18.66亿,-11.18亿,822亿,164亿,164亿,08-31,http://data.eastmoney.comhttp://data.eastmoney.com/bbsj/zcfz/000651.html
236,000639,西王食品,详细  数据,2.24亿,9.66,27.74亿,0.57,18.35亿,5.53亿,8691万,-99.42万,25.01亿,2.85亿,2.96亿,08-31,http://data.eastmoney.comhttp://data.eastmoney.com/bbsj/zcfz/000639.html
237,000638,万方发展,详细  数据,-443万,73.07,4170万,-9.27,2283万,401万,915万,365万,4581万,-220万,-221万,08-31,http://data.eastmoney.comhttp://data.eastmoney.com/bbsj/zcfz/000638.html
238,000625,长安汽车,详细  数据,-22.4亿,-239.17,299亿,-16.18,274亿,14.43亿,8.43亿,-9683万,324亿,-21.34亿,-21.27亿,08-31,http://data.eastmoney.comhttp://data.eastmoney.com/bbsj/zcfz/000625.html
239,000616,海航投资,详细  数据,68.93万,100.79,1.02亿,14.08,8023万,189万,2188万,18.23万,1.06亿,46.02万,31.98万,08-31,http://data.eastmoney.comhttp://data.eastmoney.com/bbsj/zcfz/000616.html
240,000615,京汉股份,详细  数据,336万,149.47,13.88亿,36.85,9.2亿,7830万,1.57亿,5647万,13.18亿,1.03亿,1.02亿,08-31,http://data.eastmoney.comhttp://data.eastmoney.com/bbsj/zcfz/000615.html
241,000607,华媒控股,详细  数据,4297万,27.42,8.31亿,10.49,6.28亿,5732万,8133万,310万,7.82亿,6671万,6697万,08-31,http://data.eastmoney.comhttp://data.eastmoney.com/bbsj/zcfz/000607.html
242,000606,顺利办,详细  数据,9483万,57.92,7.75亿,134.70,5.74亿,2804万,6385万,215万,6.71亿,1.19亿,1.19亿,08-31,http://data.eastmoney.comhttp://data.eastmoney.com/bbsj/zcfz/000606.html
243,000592,平潭发展,详细  数据,1130万,5.11,4.43亿,-1.63,3.97亿,1536万,3474万,958万,4.61亿,1292万,1410万,08-31,http://data.eastmoney.comhttp://data.eastmoney.com/bbsj/zcfz/000592.html
244,000587,*ST金洲,详细  数据,-12.6亿,-1745,11.34亿,-86.40,17.8亿,9072万,7381万,1.74亿,21.21亿,-12.55亿,-12.56亿,08-31,http://data.eastmoney.comhttp://data.eastmoney.com/bbsj/zcfz/000587.html
245,000584,哈工智能,详细  数据,3528万,-45.87,7.66亿,-35.81,5.79亿,3163万,8056万,1611万,7.5亿,1495万,5394万,08-31,http://data.eastmoney.comhttp://data.eastmoney.com/bbsj/zcfz/000584.html
246,000571,*ST大洲,详细  数据,-8412万,-354.78,6.74亿,-27.02,5.32亿,3315万,9843万,3948万,7.35亿,-7792万,-7485万,08-31,http://data.eastmoney.comhttp://data.eastmoney.com/bbsj/zcfz/000571.html
247,000564,供销大集,详细  数据,349万,-98.39,32.45亿,-62.65,24.13亿,4.38亿,4.41亿,2.82亿,36.4亿,1.39亿,1.43亿,08-31,http://data.eastmoney.comhttp://data.eastmoney.com/bbsj/zcfz/000564.html
248,000534,万泽股份,详细  数据,3490万,-51.68,2.56亿,18.84,3153万,1.21亿,6183万,999万,2.35亿,3548万,3568万,08-31,http://data.eastmoney.comhttp://data.eastmoney.com/bbsj/zcfz/000534.html
249,000506,中润资源,详细  数据,-335万,87.22,1.6亿,-20.76,1.7亿,177万,3745万,3089万,2.47亿,-7284万,-1003万,08-31,http://data.eastmoney.comhttp://data.eastmoney.com/bbsj/zcfz/000506.html
250,000425,徐工机械,详细  数据,22.83亿,106.82,312亿,30.12,254亿,13.88亿,3.59亿,-1.15亿,282亿,25.91亿,25.85亿,08-31,http://data.eastmoney.comhttp://data.eastmoney.com/bbsj/zcfz/000425.html
251,000415,渤海租赁,详细  数据,18.07亿,40.08,189亿,-4.75,117亿,9258万,9.31亿,44.07亿,171亿,31.16亿,31.14亿,08-31,http://data.eastmoney.comhttp://data.eastmoney.com/bbsj/zcfz/000415.html
252,000410,*ST沈机,详细  数据,-14.1亿,-5685,7.25亿,-78.30,9.65亿,1.63亿,2.06亿,3.5亿,17.49亿,-14.45亿,-14.81亿,08-31,http://data.eastmoney.comhttp://data.eastmoney.com/bbsj/zcfz/000410.html
253,000333,美的集团,详细  数据,152亿,17.39,1543亿,7.37,1084亿,195亿,41.1亿,-14.36亿,1362亿,188亿,189亿,08-31,http://data.eastmoney.comhttp://data.eastmoney.com/bbsj/zcfz/000333.html
254,000301,东方盛虹,详细  数据,7.96亿,10.84,123亿,16.32,109亿,1.2亿,1.24亿,2.34亿,115亿,9.8亿,9.84亿,08-31,http://data.eastmoney.comhttp://data.eastmoney.com/bbsj/zcfz/000301.html
255,000156,华数传媒,详细  数据,4.05亿,27.68,16.5亿,5.76,10.08亿,2.26亿,1.41亿,-6670万,13.6亿,4.38亿,4.4亿,08-31,http://data.eastmoney.comhttp://data.eastmoney.com/bbsj/zcfz/000156.html
256,000065,北方国际,详细  数据,3.61亿,5.44,38.18亿,-6.82,30.32亿,2.11亿,1.08亿,1175万,33.78亿,4.28亿,4.28亿,08-31,http://data.eastmoney.comhttp://data.eastmoney.com/bbsj/zcfz/000065.html
257,000036,华联控股,详细  数据,4.59亿,20.66,16.56亿,17.62,4.09亿,5708万,3840万,-265万,9.92亿,6.66亿,6.75亿,08-31,http://data.eastmoney.comhttp://data.eastmoney.com/bbsj/zcfz/000036.html
258,000035,中国天楹,详细  数据,2.12亿,142.62,80.44亿,831.80,68.65亿,1247万,3.95亿,3.12亿,77.24亿,4.02亿,4.07亿,08-31,http://data.eastmoney.comhttp://data.eastmoney.com/bbsj/zcfz/000035.html
259,000034,神州数码,详细  数据,3.97亿,48.23,423亿,28.11,407亿,7.56亿,1.1亿,2亿,418亿,4.92亿,4.97亿,08-31,http://data.eastmoney.comhttp://data.eastmoney.com/bbsj/zcfz/000034.html
260,000021,深科技,详细  数据,1.51亿,-12.90,64.67亿,-21.76,59.3亿,2845万,2.13亿,-1.07亿,62.41亿,2.24亿,2.24亿,08-31,http://data.eastmoney.comhttp://data.eastmoney.com/bbsj/zcfz/000021.html
261,000004,国农科技,详细  数据,-192万,-196.72,1.08亿,-30.32,2590万,8310万,1070万,-71.1万,1.24亿,418万,295万,08-31,http://data.eastmoney.comhttp://data.eastmoney.com/bbsj/zcfz/000004.html
262,688567,孚能科技,详细  数据,5401万,-,10.13亿,-,8.21亿,4624万,6807万,-557万,10.33亿,5757万,5903万,08-29,http://data.eastmoney.comhttp://data.eastmoney.com/bbsj/zcfz/688567.html
263,688518,联赢激光,详细  数据,3958万,-10.73,4.51亿,13.03,3.02亿,3430万,5714万,367万,4.25亿,4533万,4705万,08-29,http://data.eastmoney.comhttp://data.eastmoney.com/bbsj/zcfz/688518.html
264,688358,祥生医疗,详细  数据,3832万,-,1.6亿,-,6314万,2323万,1107万,-247万,1.19亿,4487万,4487万,08-29,http://data.eastmoney.comhttp://data.eastmoney.com/bbsj/zcfz/688358.html
265,688229,博睿数据,详细  数据,2131万,-,7162万,-,1376万,1261万,539万,-29.09万,4884万,2536万,2536万,08-29,http://data.eastmoney.comhttp://data.eastmoney.com/bbsj/zcfz/688229.html
266,688199,久日新材,详细  数据,1.81亿,114.52,7.89亿,52.32,4.64亿,1743万,3016万,700万,5.6亿,2.22亿,2.2亿,08-29,http://data.eastmoney.comhttp://data.eastmoney.com/bbsj/zcfz/688199.html
267,688180,君实生物,详细  数据,-2.91亿,-4.83,3.09亿,15415,4058万,1.11亿,9141万,3159万,6.46亿,-3.11亿,-3.2亿,08-29,http://data.eastmoney.comhttp://data.eastmoney.com/bbsj/zcfz/688180.html
268,688069,德林海,详细  数据,3482万,-,1.08亿,-,5481万,63.74万,872万,-8.17万,6861万,3804万,4075万,08-29,http://data.eastmoney.comhttp://data.eastmoney.com/bbsj/zcfz/688069.html
269,688026,洁特生物,详细  数据,2432万,-,9431万,-,5136万,865万,526万,-8.38万,7080万,2874万,2874万,08-29,http://data.eastmoney.comhttp://data.eastmoney.com/bbsj/zcfz/688026.html
270,688012,中微公司,详细  数据,3037万,329.19,8.01亿,72.03,5.16亿,9675万,4877万,354万,7.74亿,3439万,3465万,08-29,http://data.eastmoney.comhttp://data.eastmoney.com/bbsj/zcfz/688012.html
271,605388,均瑶健康,详细  数据,1.93亿,-,6.75亿,-,3.11亿,1.03亿,2868万,-1229万,4.38亿,2.61亿,2.6亿,08-29,http://data.eastmoney.comhttp://data.eastmoney.com/bbsj/zcfz/605388.html
272,603998,方盛制药,详细  数据,5389万,16.26,5.43亿,5.23,1.45亿,2.56亿,5040万,35.17万,4.77亿,6640万,6636万,08-29,http://data.eastmoney.comhttp://data.eastmoney.com/bbsj/zcfz/603998.html
273,603958,哈森股份,详细  数据,883万,-76.77,6.34亿,-12.50,3亿,2.69亿,2878万,-73.68万,6.1亿,1313万,1405万,08-29,http://data.eastmoney.comhttp://data.eastmoney.com/bbsj/zcfz/603958.html
274,603956,威派格,详细  数据,3552万,19.78,3.14亿,23.05,1.08亿,8874万,5380万,-321万,2.75亿,3923万,3929万,08-29,http://data.eastmoney.comhttp://data.eastmoney.com/bbsj/zcfz/603956.html
275,603819,神力股份,详细  数据,1827万,-8.11,5.58亿,26.94,4.87亿,1206万,2109万,690万,5.34亿,2115万,2210万,08-29,http://data.eastmoney.comhttp://data.eastmoney.com/bbsj/zcfz/603819.html
276,603799,华友钴业,详细  数据,3283万,-97.82,91.04亿,34.21,80.11亿,7795万,2.37亿,2.37亿,88.4亿,6101万,5605万,08-29,http://data.eastmoney.comhttp://data.eastmoney.com/bbsj/zcfz/603799.html
277,603790,雅运股份,详细  数据,8249万,6.81,5.4亿,6.66,3.63亿,3552万,2490万,87.61万,4.49亿,9772万,9767万,08-29,http://data.eastmoney.comhttp://data.eastmoney.com/bbsj/zcfz/603790.html
278,603789,星光农机,详细  数据,560万,144.42,3.55亿,26.09,2.76亿,1772万,2263万,278万,3.37亿,828万,869万,08-29,http://data.eastmoney.comhttp://data.eastmoney.com/bbsj/zcfz/603789.html
279,603778,乾景园林,详细  数据,1266万,5.83,1.55亿,-3.36,1.16亿,194万,2402万,21.74万,1.46亿,1647万,1649万,08-29,http://data.eastmoney.comhttp://data.eastmoney.com/bbsj/zcfz/603778.html
280,603758,秦安股份,详细  数据,-5692万,-671.16,2.26亿,-41.50,2.39亿,589万,4333万,-1087万,2.95亿,-6700万,-6702万,08-29,http://data.eastmoney.comhttp://data.eastmoney.com/bbsj/zcfz/603758.html
281,603757,大元泵业,详细  数据,7432万,-14.99,5.08亿,-6.59,3.54亿,2455万,2615万,-211万,4.25亿,8456万,8494万,08-29,http://data.eastmoney.comhttp://data.eastmoney.com/bbsj/zcfz/603757.html
282,603730,岱美股份,详细  数据,3.09亿,2.30,24.71亿,43.06,17.46亿,1.6亿,1.43亿,331万,21.5亿,3.47亿,3.68亿,08-29,http://data.eastmoney.comhttp://data.eastmoney.com/bbsj/zcfz/603730.html
283,603721,中广天择,详细  数据,-1058万,-144.54,1.17亿,-24.98,9633万,746万,1730万,-76.36万,1.28亿,-1107万,-1058万,08-29,http://data.eastmoney.comhttp://data.eastmoney.com/bbsj/zcfz/603721.html
284,603699,纽威股份,详细  数据,2.16亿,87.94,13.68亿,-1.49,8.85亿,1.22亿,6095万,-150万,11.21亿,2.49亿,2.53亿,08-29,http://data.eastmoney.comhttp://data.eastmoney.com/bbsj/zcfz/603699.html
285,603693,江苏新能,详细  数据,1.39亿,-19.25,7.4亿,-0.90,4.42亿,-,3611万,5466万,5.44亿,1.89亿,1.9亿,08-29,http://data.eastmoney.comhttp://data.eastmoney.com/bbsj/zcfz/603693.html
286,603690,至纯科技,详细  数据,4312万,126.02,3.32亿,76.26,2.22亿,1274万,3484万,1478万,3.08亿,4533万,4723万,08-29,http://data.eastmoney.comhttp://data.eastmoney.com/bbsj/zcfz/603690.html
287,603688,石英股份,详细  数据,7621万,30.34,3.08亿,1.87,1.69亿,928万,2980万,-128万,2.24亿,8674万,8914万,08-29,http://data.eastmoney.comhttp://data.eastmoney.com/bbsj/zcfz/603688.html
288,603658,安图生物,详细  数据,3.2亿,29.85,11.79亿,39.03,4.09亿,1.94亿,5738万,379万,8.15亿,3.77亿,3.73亿,08-29,http://data.eastmoney.comhttp://data.eastmoney.com/bbsj/zcfz/603658.html
289,603639,海利尔,详细  数据,2.01亿,-16.54,14.3亿,14.48,9.64亿,9529万,6080万,-355万,11.76亿,2.37亿,2.39亿,08-29,http://data.eastmoney.comhttp://data.eastmoney.com/bbsj/zcfz/603639.html
290,603636,南威软件,详细  数据,2448万,2.10,4.64亿,68.29,3.11亿,3519万,7156万,-732万,4.41亿,3109万,3167万,08-29,http://data.eastmoney.comhttp://data.eastmoney.com/bbsj/zcfz/603636.html
291,603630,拉芳家化,详细  数据,4744万,-43.15,4.58亿,3.67,1.91亿,1.94亿,2119万,-895万,4.21亿,4773万,5296万,08-29,http://data.eastmoney.comhttp://data.eastmoney.com/bbsj/zcfz/603630.html
292,603612,索通发展,详细  数据,3317万,-77.21,18.43亿,3.96,16.22亿,5126万,3840万,4460万,17.99亿,4514万,4532万,08-29,http://data.eastmoney.comhttp://data.eastmoney.com/bbsj/zcfz/603612.html
293,603608,天创时尚,详细  数据,1.21亿,-12.40,10.46亿,4.28,4.69亿,2.89亿,1.1亿,106万,9亿,1.42亿,1.42亿,08-29,http://data.eastmoney.comhttp://data.eastmoney.com/bbsj/zcfz/603608.html
294,603603,博天环境,详细  数据,5045万,-46.70,14.89亿,-8.73,11.89亿,5456万,1.22亿,9428万,14.94亿,5293万,5017万,08-29,http://data.eastmoney.comhttp://data.eastmoney.com/bbsj/zcfz/603603.html
295,603566,普莱柯,详细  数据,6508万,-14.86,3.2亿,12.02,1.12亿,7582万,2733万,-312万,2.63亿,6516万,7207万,08-29,http://data.eastmoney.comhttp://data.eastmoney.com/bbsj/zcfz/603566.html
296,603555,*ST贵人,详细  数据,-5837万,-269.59,8.1亿,-47.27,5.16亿,1.38亿,6312万,6846万,8.13亿,-4936万,-5120万,08-29,http://data.eastmoney.comhttp://data.eastmoney.com/bbsj/zcfz/603555.html
297,603508,思维列控,详细  数据,7.23亿,625.09,5.65亿,98.64,2.11亿,2348万,6057万,-985万,3.83亿,7.89亿,7.89亿,08-29,http://data.eastmoney.comhttp://data.eastmoney.com/bbsj/zcfz/603508.html
298,603358,华达科技,详细  数据,6923万,-51.72,18.69亿,-1.19,16.12亿,7341万,5836万,140万,18.23亿,9917万,9938万,08-29,http://data.eastmoney.comhttp://data.eastmoney.com/bbsj/zcfz/603358.html
299,603357,设计总院,详细  数据,2.18亿,-11.56,7.36亿,-11.35,3.6亿,1921万,3524万,-394万,4.36亿,2.58亿,2.58亿,08-29,http://data.eastmoney.comhttp://data.eastmoney.com/bbsj/zcfz/603357.html
300,603355,莱克电气,详细  数据,2.36亿,15.39,27.95亿,-0.97,20.75亿,1.78亿,8204万,-2701万,24.84亿,2.76亿,2.77亿,08-29,http://data.eastmoney.comhttp://data.eastmoney.com/bbsj/zcfz/603355.html
301,603336,宏辉果蔬,详细  数据,4113万,22.67,3.85亿,12.24,3.16亿,1647万,778万,212万,3.43亿,4162万,4113万,08-29,http://data.eastmoney.comhttp://data.eastmoney.com/bbsj/zcfz/603336.html
302,603308,应流股份,详细  数据,7009万,23.05,9.52亿,15.32,6.12亿,2991万,7925万,6493万,8.99亿,7464万,7421万,08-29,http://data.eastmoney.comhttp://data.eastmoney.com/bbsj/zcfz/603308.html
303,603286,日盈电子,详细  数据,908万,-28.83,1.81亿,12.77,1.35亿,610万,1669万,162万,1.72亿,1068万,1069万,08-29,http://data.eastmoney.comhttp://data.eastmoney.com/bbsj/zcfz/603286.html
304,603266,天龙股份,详细  数据,2790万,-20.70,4.21亿,-6.38,3.18亿,1728万,3887万,-68.31万,3.96亿,3393万,3371万,08-29,http://data.eastmoney.comhttp://data.eastmoney.com/bbsj/zcfz/603266.html
305,603228,景旺电子,详细  数据,4.26亿,9.04,28.52亿,25.37,20.39亿,8856万,1.41亿,481万,24.24亿,4.82亿,4.74亿,08-29,http://data.eastmoney.comhttp://data.eastmoney.com/bbsj/zcfz/603228.html
306,603221,爱丽家居,详细  数据,7344万,-7.41,5.7亿,-19.13,4.26亿,1503万,2422万,434万,4.8亿,8849万,9714万,08-29,http://data.eastmoney.comhttp://data.eastmoney.com/bbsj/zcfz/603221.html
307,603203,快克股份,详细  数据,7820万,8.74,2.19亿,6.21,1亿,1503万,1298万,-490万,1.42亿,9056万,9091万,08-29,http://data.eastmoney.comhttp://data.eastmoney.com/bbsj/zcfz/603203.html
308,603198,迎驾贡酒,详细  数据,4.45亿,16.42,18.82亿,8.59,6.97亿,2.55亿,8485万,-829万,13.22亿,6.11亿,5.94亿,08-29,http://data.eastmoney.comhttp://data.eastmoney.com/bbsj/zcfz/603198.html
309,603197,保隆科技,详细  数据,5646万,-34.05,15.21亿,33.64,10.61亿,1.32亿,9784万,2851万,14.45亿,8891万,8891万,08-29,http://data.eastmoney.comhttp://data.eastmoney.com/bbsj/zcfz/603197.html
310,603188,ST亚邦,详细  数据,8525万,-57.20,8.1亿,-33.23,4.5亿,1951万,2.45亿,1154万,7.65亿,5781万,5566万,08-29,http://data.eastmoney.comhttp://data.eastmoney.com/bbsj/zcfz/603188.html
311,603165,荣晟环保,详细  数据,1.24亿,0.86,9.06亿,-9.54,7.68亿,1816万,1114万,-473万,8.44亿,1.35亿,1.35亿,08-29,http://data.eastmoney.comhttp://data.eastmoney.com/bbsj/zcfz/603165.html
312,603157,*ST拉夏,详细  数据,-4.98亿,-311.23,39.51亿,-9.78,15.46亿,27.28亿,2.32亿,1.19亿,46.39亿,-7.18亿,-7.18亿,08-29,http://data.eastmoney.comhttp://data.eastmoney.com/bbsj/zcfz/603157.html
313,603123,翠微股份,详细  数据,8989万,19.15,25.06亿,-1.16,20.03亿,2.89亿,8814万,911万,24.25亿,1.2亿,1.2亿,08-29,http://data.eastmoney.comhttp://data.eastmoney.com/bbsj/zcfz/603123.html
314,603117,万林物流,详细  数据,4736万,-24.82,4.81亿,5.78,2.69亿,2998万,5028万,4305万,4.08亿,7625万,7690万,08-29,http://data.eastmoney.comhttp://data.eastmoney.com/bbsj/zcfz/603117.html
315,603113,金能科技,详细  数据,3.92亿,-24.92,41.77亿,3.43,35.85亿,9441万,8332万,102万,37.97亿,4.46亿,4.61亿,08-29,http://data.eastmoney.comhttp://data.eastmoney.com/bbsj/zcfz/603113.html
316,603111,康尼机电,详细  数据,1.35亿,122.28,18.19亿,0.62,12.63亿,8576万,1.45亿,1180万,16.26亿,1.82亿,1.7亿,08-29,http://data.eastmoney.comhttp://data.eastmoney.com/bbsj/zcfz/603111.html
317,603103,横店影视,详细  数据,1.73亿,-23.76,13.86亿,-5.41,11.02亿,2369万,2487万,-27.63万,12.12亿,2.08亿,2.29亿,08-29,http://data.eastmoney.comhttp://data.eastmoney.com/bbsj/zcfz/603103.html
318,603101,汇嘉时代,详细  数据,2573万,-67.86,22.01亿,28.53,17.73亿,2.36亿,9042万,2977万,21.6亿,4129万,3800万,08-29,http://data.eastmoney.comhttp://data.eastmoney.com/bbsj/zcfz/603101.html
319,603100,川仪股份,详细  数据,8416万,-15.75,18.46亿,12.77,12.62亿,2.36亿,1.22亿,2235万,17.68亿,9388万,9382万,08-29,http://data.eastmoney.comhttp://data.eastmoney.com/bbsj/zcfz/603100.html
320,603098,森特股份,详细  数据,1.31亿,29.58,17.06亿,42.49,13.58亿,3065万,5008万,2657万,15.26亿,1.57亿,1.56亿,08-29,http://data.eastmoney.comhttp://data.eastmoney.com/bbsj/zcfz/603098.html
321,603083,剑桥科技,详细  数据,583万,-17.50,14.5亿,1.40,12.2亿,2269万,8400万,534万,14.5亿,609万,837万,08-29,http://data.eastmoney.comhttp://data.eastmoney.com/bbsj/zcfz/603083.html
322,603066,音飞储存,详细  数据,5812万,2.51,3.95亿,12.24,2.66亿,3637万,1125万,-16.7万,3.29亿,6542万,6531万,08-29,http://data.eastmoney.comhttp://data.eastmoney.com/bbsj/zcfz/603066.html
323,603020,爱普股份,详细  数据,7205万,32.37,12.23亿,-1.08,9.75亿,6641万,5960万,-816万,11.18亿,1.03亿,1.02亿,08-29,http://data.eastmoney.comhttp://data.eastmoney.com/bbsj/zcfz/603020.html
324,601999,出版传媒,详细  数据,5383万,-15.12,12.15亿,14.43,9.5亿,8678万,1.38亿,-316万,11.79亿,5413万,5453万,08-29,http://data.eastmoney.comhttp://data.eastmoney.com/bbsj/zcfz/601999.html
325,601997,贵阳银行,详细  数据,26.53亿,16.44,67.64亿,11.96,-,-,17.85亿,-,39.47亿,28.17亿,28.21亿,08-29,http://data.eastmoney.comhttp://data.eastmoney.com/bbsj/zcfz/601997.html
326,601990,南京证券,详细  数据,3.84亿,105.99,10.02亿,57.32,-,-,4.82亿,-,4.98亿,5.05亿,5.06亿,08-29,http://data.eastmoney.comhttp://data.eastmoney.com/bbsj/zcfz/601990.html
327,601968,宝钢包装,详细  数据,5035万,223.65,25.65亿,2.42,22.36亿,9717万,7205万,4002万,24.87亿,7084万,7303万,08-29,http://data.eastmoney.comhttp://data.eastmoney.com/bbsj/zcfz/601968.html
328,601965,中国汽研,详细  数据,1.89亿,9.10,10.83亿,-25.36,7.66亿,2609万,7173万,-1533万,8.92亿,2.27亿,2.3亿,08-29,http://data.eastmoney.comhttp://data.eastmoney.com/bbsj/zcfz/601965.html
329,601933,永辉超市,详细  数据,13.69亿,46.69,412亿,19.71,322亿,62.56亿,10.94亿,1.51亿,398亿,14.83亿,15.88亿,08-29,http://data.eastmoney.comhttp://data.eastmoney.com/bbsj/zcfz/601933.html
330,601919,中远海控,详细  数据,12.37亿,2933,721亿,59.96,642亿,2760万,44.34亿,25.41亿,713亿,25.59亿,25.28亿,08-29,http://data.eastmoney.comhttp://data.eastmoney.com/bbsj/zcfz/601919.html
331,601916,浙商银行,详细  数据,75.28亿,16.07,225亿,21.24,-,-,57.68亿,-,138亿,87.39亿,87.44亿,08-29,http://data.eastmoney.comhttp://data.eastmoney.com/bbsj/zcfz/601916.html
332,601901,方正证券,详细  数据,7.63亿,270.89,35.88亿,55.17,-,-,20.93亿,-,26.57亿,9.32亿,9.15亿,08-29,http://data.eastmoney.comhttp://data.eastmoney.com/bbsj/zcfz/601901.html
333,601898,中煤能源,详细  数据,37.89亿,39.80,610亿,21.29,417亿,66.73亿,17.34亿,23.18亿,545亿,79.81亿,79.48亿,08-29,http://data.eastmoney.comhttp://data.eastmoney.com/bbsj/zcfz/601898.html
334,601888,中国中免,详细  数据,32.91亿,70.87,248亿,15.46,118亿,76.44亿,5.99亿,2268万,205亿,51亿,51.6亿,08-29,http://data.eastmoney.comhttp://data.eastmoney.com/bbsj/zcfz/601888.html
335,601881,中国银河,详细  数据,25.95亿,97.93,73.68亿,71.09,-,-,33.63亿,-,39.71亿,33.97亿,33.96亿,08-29,http://data.eastmoney.comhttp://data.eastmoney.com/bbsj/zcfz/601881.html
336,601869,长飞光纤,详细  数据,4.37亿,-45.99,33.19亿,-41.07,25.38亿,1.49亿,2.08亿,429万,30.71亿,4.82亿,4.82亿,08-29,http://data.eastmoney.comhttp://data.eastmoney.com/bbsj/zcfz/601869.html
337,601866,中远海发,详细  数据,9.03亿,176.29,68.68亿,-19.81,53.43亿,562万,4.22亿,16.59亿,74.68亿,9.9亿,9.86亿,08-29,http://data.eastmoney.comhttp://data.eastmoney.com/bbsj/zcfz/601866.html
338,601818,光大银行,详细  数据,204亿,13.11,661亿,26.63,-,-,174亿,-,417亿,244亿,245亿,08-29,http://data.eastmoney.comhttp://data.eastmoney.com/bbsj/zcfz/601818.html
339,601801,皖新传媒,详细  数据,4.33亿,-50.42,44.35亿,1.33,35亿,2.95亿,2.36亿,-9254万,39.56亿,4.47亿,4.48亿,08-29,http://data.eastmoney.comhttp://data.eastmoney.com/bbsj/zcfz/601801.html
340,601800,中国交建,详细  数据,86.01亿,4.92,2407亿,15.31,2120亿,4.58亿,84.66亿,35.19亿,2304亿,116亿,117亿,08-29,http://data.eastmoney.comhttp://data.eastmoney.com/bbsj/zcfz/601800.html
341,601766,中国中车,详细  数据,47.81亿,16.19,961亿,11.42,745亿,30.16亿,59.91亿,3.13亿,890亿,66.54亿,68.18亿,08-29,http://data.eastmoney.comhttp://data.eastmoney.com/bbsj/zcfz/601766.html
342,601727,上海电气,详细  数据,18.46亿,4.55,530亿,3.28,424亿,15.17亿,31.98亿,8.74亿,499亿,35.21亿,35.61亿,08-29,http://data.eastmoney.comhttp://data.eastmoney.com/bbsj/zcfz/601727.html
343,601717,郑煤机,详细  数据,7.31亿,60.27,127亿,0.03,102亿,4.45亿,5.75亿,6152万,118亿,9.88亿,9.95亿,08-29,http://data.eastmoney.comhttp://data.eastmoney.com/bbsj/zcfz/601717.html
344,601633,长城汽车,详细  数据,15.17亿,-58.95,414亿,-15.00,348亿,14.7亿,8.41亿,-7365万,396亿,17.79亿,19.05亿,08-29,http://data.eastmoney.comhttp://data.eastmoney.com/bbsj/zcfz/601633.html
345,601618,中国中冶,详细  数据,31.57亿,8.59,1590亿,26.09,1415亿,10.31亿,41.48亿,16.84亿,1533亿,48.24亿,48.82亿,08-29,http://data.eastmoney.comhttp://data.eastmoney.com/bbsj/zcfz/601618.html
346,601599,鹿港文化,详细  数据,7665万,8.62,17.36亿,-4.98,14.01亿,8400万,7044万,6827万,16.5亿,1.02亿,1.05亿,08-29,http://data.eastmoney.comhttp://data.eastmoney.com/bbsj/zcfz/601599.html
347,601515,东风股份,详细  数据,3.59亿,0.43,16.45亿,1.00,9.79亿,5558万,1.19亿,1069万,12.55亿,4.28亿,4.28亿,08-29,http://data.eastmoney.comhttp://data.eastmoney.com/bbsj/zcfz/601515.html
348,601390,中国中铁,详细  数据,105亿,10.06,3619亿,14.48,3253亿,18.37亿,101亿,26.15亿,3478亿,140亿,140亿,08-29,http://data.eastmoney.comhttp://data.eastmoney.com/bbsj/zcfz/601390.html
349,601377,兴业证券,详细  数据,13.33亿,94.20,70.41亿,112.75,-,-,30.05亿,-,49.93亿,20.48亿,20.46亿,08-29,http://data.eastmoney.comhttp://data.eastmoney.com/bbsj/zcfz/601377.html
350,601360,三六零,详细  数据,40.52亿,163.66,59.25亿,-1.67,19.97亿,7.28亿,3.02亿,-2.76亿,40.28亿,49.34亿,49.36亿,08-29,http://data.eastmoney.comhttp://data.eastmoney.com/bbsj/zcfz/601360.html
351,601330,绿色动力,详细  数据,2.17亿,20.35,7.95亿,54.06,3.69亿,-,5519万,1.52亿,5.98亿,2.46亿,2.47亿,08-29,http://data.eastmoney.comhttp://data.eastmoney.com/bbsj/zcfz/601330.html
352,601328,交通银行,详细  数据,427亿,4.85,1182亿,16.02,-,-,327亿,-,690亿,492亿,490亿,08-29,http://data.eastmoney.comhttp://data.eastmoney.com/bbsj/zcfz/601328.html
353,601326,秦港股份,详细  数据,5.49亿,-24.99,33.91亿,-3.44,18.91亿,6.15万,6.14亿,1.56亿,28.52亿,7.02亿,7.05亿,08-29,http://data.eastmoney.comhttp://data.eastmoney.com/bbsj/zcfz/601326.html
354,601258,ST庞大,详细  数据,-11.99亿,-563.66,103亿,-62.17,94.92亿,5.23亿,7.85亿,5.22亿,114亿,-11.46亿,-11.44亿,08-29,http://data.eastmoney.comhttp://data.eastmoney.com/bbsj/zcfz/601258.html
355,601238,广汽集团,详细  数据,49.19亿,-28.85,284亿,-23.79,256亿,17.35亿,12.98亿,5946万,302亿,44.88亿,49.76亿,08-29,http://data.eastmoney.comhttp://data.eastmoney.com/bbsj/zcfz/601238.html
356,601233,桐昆股份,详细  数据,13.9亿,2.16,246亿,31.90,218亿,7265万,3.02亿,2.16亿,229亿,18.2亿,18.4亿,08-29,http://data.eastmoney.comhttp://data.eastmoney.com/bbsj/zcfz/601233.html
357,601200,上海环境,详细  数据,2.96亿,5.80,13.22亿,8.88,7.78亿,5445,8092万,9152万,9.81亿,4.05亿,4.09亿,08-29,http://data.eastmoney.comhttp://data.eastmoney.com/bbsj/zcfz/601200.html
358,601186,中国铁建,详细  数据,92.84亿,15.93,3529亿,14.23,3184亿,21.6亿,82.75亿,20.95亿,3394亿,128亿,129亿,08-29,http://data.eastmoney.comhttp://data.eastmoney.com/bbsj/zcfz/601186.html
359,601166,兴业银行,详细  数据,359亿,6.60,899亿,22.51,-,-,199亿,-,501亿,398亿,399亿,08-29,http://data.eastmoney.comhttp://data.eastmoney.com/bbsj/zcfz/601166.html
360,601127,小康股份,详细  数据,-2.81亿,-218.56,76.84亿,-26.49,63.36亿,5.95亿,4.94亿,9540万,80.51亿,-1.58亿,-1.46亿,08-29,http://data.eastmoney.comhttp://data.eastmoney.com/bbsj/zcfz/601127.html
361,601118,海南橡胶,详细  数据,8123万,120.98,59.36亿,13.21,55.48亿,1.53亿,3.14亿,5156万,60.87亿,7486万,9516万,08-29,http://data.eastmoney.comhttp://data.eastmoney.com/bbsj/zcfz/601118.html
362,601111,中国国航,详细  数据,31.39亿,-9.49,653亿,1.67,548亿,33.22亿,20.75亿,25.87亿,630亿,43.82亿,44.99亿,08-29,http://data.eastmoney.comhttp://data.eastmoney.com/bbsj/zcfz/601111.html
363,601108,财通证券,详细  数据,7.32亿,25.29,22.84亿,25.66,-,-,14.64亿,-,14.67亿,8.18亿,8.11亿,08-29,http://data.eastmoney.comhttp://data.eastmoney.com/bbsj/zcfz/601108.html
364,601099,太平洋,详细  数据,3.58亿,439.65,10.71亿,117.10,-,-,5.9亿,-,5.65亿,5.06亿,5.09亿,08-29,http://data.eastmoney.comhttp://data.eastmoney.com/bbsj/zcfz/601099.html
365,601088,中国神华,详细  数据,242亿,5.51,1164亿,-8.65,669亿,3.28亿,86.29亿,9.99亿,820亿,367亿,369亿,08-29,http://data.eastmoney.comhttp://data.eastmoney.com/bbsj/zcfz/601088.html
366,601021,春秋航空,详细  数据,8.54亿,17.52,71.49亿,12.90,61.83亿,1.25亿,8019万,6282万,65.03亿,11.01亿,11.43亿,08-29,http://data.eastmoney.comhttp://data.eastmoney.com/bbsj/zcfz/601021.html
367,601020,华钰矿业,详细  数据,3906万,-66.70,2.34亿,-59.39,1.25亿,54.44万,6316万,1295万,2.09亿,2423万,4057万,08-29,http://data.eastmoney.comhttp://data.eastmoney.com/bbsj/zcfz/601020.html
368,601018,宁波港,详细  数据,20.66亿,32.11,112亿,2.64,82.04亿,198万,8.49亿,2.31亿,93.77亿,28.56亿,29.61亿,08-29,http://data.eastmoney.comhttp://data.eastmoney.com/bbsj/zcfz/601018.html
369,601010,文峰股份,详细  数据,1.88亿,14.66,32.89亿,-4.94,26.29亿,2.08亿,1.56亿,-27.62万,30.51亿,2.49亿,2.67亿,08-29,http://data.eastmoney.comhttp://data.eastmoney.com/bbsj/zcfz/601010.html
370,601009,南京银行,详细  数据,68.79亿,15.07,166亿,23.29,-,-,41.08亿,-,81.94亿,84.46亿,84.23亿,08-29,http://data.eastmoney.comhttp://data.eastmoney.com/bbsj/zcfz/601009.html
371,601007,金陵饭店,详细  数据,3602万,-23.21,5.71亿,12.90,2.49亿,1.23亿,1.12亿,351万,5.04亿,7640万,7734万,08-29,http://data.eastmoney.comhttp://data.eastmoney.com/bbsj/zcfz/601007.html
372,600999,招商证券,详细  数据,35.03亿,93.89,85.4亿,78.44,-,-,37.39亿,-,41.9亿,43.5亿,43.27亿,08-29,http://data.eastmoney.comhttp://data.eastmoney.com/bbsj/zcfz/600999.html
373,600997,开滦股份,详细  数据,7.23亿,24.09,109亿,8.51,91.84亿,1.28亿,2.35亿,1.7亿,98.65亿,10.58亿,10.51亿,08-29,http://data.eastmoney.comhttp://data.eastmoney.com/bbsj/zcfz/600997.html
374,600996,贵广网络,详细  数据,1.5亿,-37.55,15.38亿,7.15,10.27亿,3969万,1.48亿,8830万,13.73亿,1.47亿,1.5亿,08-29,http://data.eastmoney.comhttp://data.eastmoney.com/bbsj/zcfz/600996.html
375,600990,四创电子,详细  数据,-4752万,-28.32,9.98亿,-14.98,8.36亿,6478万,1.11亿,2475万,10.62亿,-5538万,-5513万,08-29,http://data.eastmoney.comhttp://data.eastmoney.com/bbsj/zcfz/600990.html
376,600984,建设机械,详细  数据,1.88亿,217.48,13.99亿,51.92,8.85亿,1604万,1.12亿,8707万,11.56亿,2.09亿,2.09亿,08-29,http://data.eastmoney.comhttp://data.eastmoney.com/bbsj/zcfz/600984.html
377,600978,*ST宜生,详细  数据,1.31亿,-65.33,27.49亿,-22.86,17.77亿,3.72亿,2.36亿,1.56亿,26.02亿,1.57亿,1.52亿,08-29,http://data.eastmoney.comhttp://data.eastmoney.com/bbsj/zcfz/600978.html
378,600977,中国电影,详细  数据,6.82亿,2.25,48.42亿,4.81,36.85亿,7956万,2亿,-5105万,40.04亿,10.28亿,10.32亿,08-29,http://data.eastmoney.comhttp://data.eastmoney.com/bbsj/zcfz/600977.html
379,600975,新五丰,详细  数据,601万,110.72,8.23亿,10.17,7.57亿,1835万,3336万,239万,8.15亿,1426万,793万,08-29,http://data.eastmoney.comhttp://data.eastmoney.com/bbsj/zcfz/600975.html
380,600973,宝胜股份,详细  数据,1.04亿,27.11,147亿,-3.73,137亿,2.23亿,1.64亿,2.59亿,145亿,1.55亿,1.56亿,08-29,http://data.eastmoney.comhttp://data.eastmoney.com/bbsj/zcfz/600973.html
381,600958,东方证券,详细  数据,12.1亿,69.04,80.79亿,88.88,-,-,28.04亿,-,66.64亿,14.15亿,15.09亿,08-29,http://data.eastmoney.comhttp://data.eastmoney.com/bbsj/zcfz/600958.html
382,600917,重庆燃气,详细  数据,1.85亿,-3.08,35.66亿,18.23,31.33亿,9122万,1.32亿,-158万,33.76亿,2.27亿,2.35亿,08-29,http://data.eastmoney.comhttp://data.eastmoney.com/bbsj/zcfz/600917.html
383,600895,张江高科,详细  数据,2.76亿,-23.21,5.92亿,33.64,2.56亿,1249万,2319万,1.15亿,4.4亿,3.59亿,3.58亿,08-29,http://data.eastmoney.comhttp://data.eastmoney.com/bbsj/zcfz/600895.html
384,600883,博闻科技,详细  数据,368万,-48.45,1316万,-35.16,1477万,57.52万,733万,-110万,2167万,350万,368万,08-29,http://data.eastmoney.comhttp://data.eastmoney.com/bbsj/zcfz/600883.html
385,600880,博瑞传播,详细  数据,3778万,111.17,1.93亿,-41.22,9363万,1303万,3738万,-704万,1.55亿,3845万,3864万,08-29,http://data.eastmoney.comhttp://data.eastmoney.com/bbsj/zcfz/600880.html
386,600876,洛阳玻璃,详细  数据,1563万,-28.88,8.59亿,22.36,6.87亿,2790万,5113万,4329万,8.52亿,2353万,2315万,08-29,http://data.eastmoney.comhttp://data.eastmoney.com/bbsj/zcfz/600876.html
387,600870,ST厦华,详细  数据,42.23万,106.51,137万,-92.53,-,105万,244万,92.66万,443万,40.68万,18.56万,08-29,http://data.eastmoney.comhttp://data.eastmoney.com/bbsj/zcfz/600870.html
388,600866,星湖科技,详细  数据,7711万,365.73,5.54亿,24.87,3.65亿,1364万,6334万,604万,4.76亿,8053万,8054万,08-29,http://data.eastmoney.comhttp://data.eastmoney.com/bbsj/zcfz/600866.html
389,600861,北京城乡,详细  数据,1534万,-41.85,10.12亿,4.39,7.1亿,1.58亿,1.34亿,1052万,9.92亿,2586万,2665万,08-29,http://data.eastmoney.comhttp://data.eastmoney.com/bbsj/zcfz/600861.html
390,600859,王府井,详细  数据,6.99亿,-7.48,134亿,1.69,106亿,14.04亿,4.9亿,-1464万,126亿,9.7亿,9.72亿,08-29,http://data.eastmoney.comhttp://data.eastmoney.com/bbsj/zcfz/600859.html
391,600853,龙建股份,详细  数据,3122万,47.66,27.57亿,11.80,24.27亿,1484万,1.49亿,8740万,27.02亿,4587万,4589万,08-29,http://data.eastmoney.comhttp://data.eastmoney.com/bbsj/zcfz/600853.html
392,600850,华东电脑,详细  数据,1.8亿,5.78,34.08亿,6.34,28.52亿,1.95亿,8989万,-332万,32.61亿,1.99亿,2亿,08-29,http://data.eastmoney.comhttp://data.eastmoney.com/bbsj/zcfz/600850.html
393,600844,丹化科技,详细  数据,-1.11亿,-195.92,5.17亿,-15.26,4.82亿,5238万,6965万,792万,6.43亿,-1.43亿,-1.44亿,08-29,http://data.eastmoney.comhttp://data.eastmoney.com/bbsj/zcfz/600844.html
394,600843,上工申贝,详细  数据,7065万,-29.46,16.22亿,8.51,11.99亿,1.76亿,1.21亿,888万,15.62亿,9474万,9578万,08-29,http://data.eastmoney.comhttp://data.eastmoney.com/bbsj/zcfz/600843.html
395,600837,海通证券,详细  数据,55.27亿,82.34,181亿,62.08,-,-,50.83亿,-,101亿,79.88亿,80.04亿,08-29,http://data.eastmoney.comhttp://data.eastmoney.com/bbsj/zcfz/600837.html
396,600834,申通地铁,详细  数据,1742万,-32.59,4.72亿,5.39,4.26亿,459万,1271万,2339万,4.69亿,2788万,3372万,08-29,http://data.eastmoney.comhttp://data.eastmoney.com/bbsj/zcfz/600834.html
397,600830,香溢融通,详细  数据,309万,-44.60,2.59亿,-51.75,1.39亿,503万,4520万,444万,2.47亿,1483万,967万,08-29,http://data.eastmoney.comhttp://data.eastmoney.com/bbsj/zcfz/600830.html
398,600827,百联股份,详细  数据,6.09亿,3.09,261亿,5.08,205亿,32.16亿,12.35亿,7162万,253亿,12.73亿,13.07亿,08-29,http://data.eastmoney.comhttp://data.eastmoney.com/bbsj/zcfz/600827.html
399,600821,*ST劝业,详细  数据,-7887万,-4.65,4709万,-47.64,3694万,379万,4234万,2797万,1.14亿,-7906万,-7902万,08-29,http://data.eastmoney.comhttp://data.eastmoney.com/bbsj/zcfz/600821.html
400,600814,杭州解百,详细  数据,1.16亿,2.15,30.49亿,3.82,24.03亿,1.73亿,1.73亿,-2975万,27.56亿,2.9亿,2.91亿,08-29,http://data.eastmoney.comhttp://data.eastmoney.com/bbsj/zcfz/600814.html
401,600810,神马股份,详细  数据,3亿,-21.26,64.99亿,13.10,58.15亿,5800万,1.43亿,1.26亿,62.51亿,4.02亿,3.99亿,08-29,http://data.eastmoney.comhttp://data.eastmoney.com/bbsj/zcfz/600810.html
402,600795,国电电力,详细  数据,23.31亿,11.40,555亿,7.65,445亿,1.4亿,5.7亿,46.45亿,507亿,53.41亿,55.64亿,08-29,http://data.eastmoney.comhttp://data.eastmoney.com/bbsj/zcfz/600795.html
403,600791,京能置业,详细  数据,2296万,167.18,7.48亿,72.16,5.85亿,748万,2883万,2938万,6.85亿,7082万,7154万,08-29,http://data.eastmoney.comhttp://data.eastmoney.com/bbsj/zcfz/600791.html
404,600789,鲁抗医药,详细  数据,8171万,-33.56,18.53亿,17.52,13.14亿,2.66亿,6506万,3495万,17.61亿,9404万,9715万,08-29,http://data.eastmoney.comhttp://data.eastmoney.com/bbsj/zcfz/600789.html
405,600787,中储股份,详细  数据,1.64亿,87.73,214亿,22.12,207亿,1.59亿,2亿,1.25亿,213亿,2.54亿,1.92亿,08-29,http://data.eastmoney.comhttp://data.eastmoney.com/bbsj/zcfz/600787.html
406,600781,*ST辅仁,详细  数据,3.99亿,-11.45,27.69亿,-10.93,14.9亿,4.04亿,1.29亿,1.09亿,22.61亿,5.12亿,5.12亿,08-29,http://data.eastmoney.comhttp://data.eastmoney.com/bbsj/zcfz/600781.html
407,600771,广誉远,详细  数据,1.17亿,-18.69,5.41亿,-17.35,1.2亿,1.91亿,5294万,1844万,4.06亿,1.25亿,1.44亿,08-29,http://data.eastmoney.comhttp://data.eastmoney.com/bbsj/zcfz/600771.html
408,600756,浪潮软件,详细  数据,-3359万,-217.72,4.94亿,26.15,2.43亿,6144万,1.27亿,-13.55万,5.77亿,-3005万,-3027万,08-29,http://data.eastmoney.comhttp://data.eastmoney.com/bbsj/zcfz/600756.html
409,600754,锦江酒店,详细  数据,5.68亿,12.78,71.43亿,2.93,7.47亿,37.75亿,18.58亿,1.77亿,66.82亿,8.84亿,8.87亿,08-29,http://data.eastmoney.comhttp://data.eastmoney.com/bbsj/zcfz/600754.html
410,600749,西藏旅游,详细  数据,743万,146.75,7998万,6.47,3902万,884万,2959万,74.31万,7860万,639万,697万,08-29,http://data.eastmoney.comhttp://data.eastmoney.com/bbsj/zcfz/600749.html
411,600743,华远地产,详细  数据,1.85亿,211.22,15.9亿,18.66,10.7亿,2.58亿,1.05亿,5912万,16.5亿,1.43亿,1.42亿,08-29,http://data.eastmoney.comhttp://data.eastmoney.com/bbsj/zcfz/600743.html
412,600739,辽宁成大,详细  数据,7.51亿,66.15,89.47亿,-1.92,77.59亿,5.51亿,2.11亿,3.14亿,89.17亿,8.78亿,8.78亿,08-29,http://data.eastmoney.comhttp://data.eastmoney.com/bbsj/zcfz/600739.html
413,600736,苏州高新,详细  数据,2.2亿,-32.29,52.6亿,175.75,34.87亿,1.73亿,1.07亿,1.99亿,46.29亿,7.17亿,7.2亿,08-29,http://data.eastmoney.comhttp://data.eastmoney.com/bbsj/zcfz/600736.html
414,600735,新华锦,详细  数据,4137万,21.30,6.7亿,-0.96,4.97亿,5919万,3244万,205万,5.92亿,8115万,8115万,08-29,http://data.eastmoney.comhttp://data.eastmoney.com/bbsj/zcfz/600735.html
415,600734,*ST实达,详细  数据,-1.79亿,-281.12,18.24亿,-34.29,17.58亿,2059万,6760万,5513万,19.75亿,-2.23亿,-2.24亿,08-29,http://data.eastmoney.comhttp://data.eastmoney.com/bbsj/zcfz/600734.html
416,600732,爱旭股份,详细  数据,4.33亿,-11.67,28.43亿,-69.97,21.15亿,2866万,7265万,5351万,23.81亿,5.06亿,5.06亿,08-29,http://data.eastmoney.comhttp://data.eastmoney.com/bbsj/zcfz/600732.html
417,600723,首商股份,详细  数据,2.03亿,-3.42,50.6亿,-1.03,38.56亿,4.41亿,3.9亿,1392万,47.39亿,3.56亿,3.59亿,08-29,http://data.eastmoney.comhttp://data.eastmoney.com/bbsj/zcfz/600723.html
418,600718,东软集团,详细  数据,2578万,-77.38,29.26亿,5.17,18.96亿,2.67亿,3.14亿,2133万,29.34亿,-5490万,-4896万,08-29,http://data.eastmoney.comhttp://data.eastmoney.com/bbsj/zcfz/600718.html
419,600715,文投控股,详细  数据,2979万,313.46,11.01亿,31.75,7.35亿,3243万,9716万,6580万,9.92亿,1.05亿,1.06亿,08-29,http://data.eastmoney.comhttp://data.eastmoney.com/bbsj/zcfz/600715.html
420,600708,光明地产,详细  数据,5.02亿,-39.71,73.19亿,13.72,52.68亿,1.63亿,2.71亿,5720万,62.41亿,11.24亿,11.34亿,08-29,http://data.eastmoney.comhttp://data.eastmoney.com/bbsj/zcfz/600708.html
421,600702,ST舍得,详细  数据,1.85亿,11.81,12.21亿,19.87,3.11亿,3.1亿,1.61亿,687万,9.63亿,2.65亿,2.68亿,08-29,http://data.eastmoney.comhttp://data.eastmoney.com/bbsj/zcfz/600702.html
422,600699,均胜电子,详细  数据,5.14亿,-37.41,308亿,36.20,255亿,6.66亿,17.78亿,5.38亿,298亿,13.2亿,13.15亿,08-29,http://data.eastmoney.comhttp://data.eastmoney.com/bbsj/zcfz/600699.html
423,600697,欧亚集团,详细  数据,1.29亿,0.35,85.6亿,12.30,65.98亿,3.71亿,8.03亿,2.53亿,81.43亿,4.15亿,4.12亿,08-29,http://data.eastmoney.comhttp://data.eastmoney.com/bbsj/zcfz/600697.html
424,600693,东百集团,详细  数据,3860万,11.48,18.64亿,44.97,15.1亿,1.52亿,6556万,5426万,18.28亿,3777万,3892万,08-29,http://data.eastmoney.comhttp://data.eastmoney.com/bbsj/zcfz/600693.html
425,600690,海尔智家,详细  数据,50.58亿,7.58,1000亿,9.38,710亿,148亿,45.36亿,5.05亿,940亿,70.83亿,72.41亿,08-29,http://data.eastmoney.comhttp://data.eastmoney.com/bbsj/zcfz/600690.html
426,600687,*ST刚泰,详细  数据,-2.21亿,-304.06,5.44亿,-89.95,4.58亿,4144万,5236万,1.79亿,7.39亿,-2.14亿,-2.14亿,08-29,http://data.eastmoney.comhttp://data.eastmoney.com/bbsj/zcfz/600687.html
427,600685,中船防务,详细  数据,3.91亿,207.96,78.16亿,-7.76,76.27亿,855万,3.74亿,8623万,83.55亿,-5.48亿,7.04亿,08-29,http://data.eastmoney.comhttp://data.eastmoney.com/bbsj/zcfz/600685.html
428,600682,南京新百,详细  数据,9.79亿,174.97,52亿,-46.27,26.3亿,3.49亿,3.74亿,3284万,38.17亿,13.82亿,13.82亿,08-29,http://data.eastmoney.comhttp://data.eastmoney.com/bbsj/zcfz/600682.html
429,600678,四川金顶,详细  数据,1393万,-15.41,1.63亿,-1.47,1.24亿,141万,1095万,850万,1.5亿,1375万,1383万,08-29,http://data.eastmoney.comhttp://data.eastmoney.com/bbsj/zcfz/600678.html
430,600675,中华企业,详细  数据,16.72亿,100.56,91.41亿,19.22,40.2亿,8062万,1.89亿,1.55亿,62.38亿,29.47亿,29.6亿,08-29,http://data.eastmoney.comhttp://data.eastmoney.com/bbsj/zcfz/600675.html
431,600671,*ST目药,详细  数据,211万,-78.60,1.48亿,-33.44,7464万,5387万,2193万,321万,1.57亿,-1027万,452万,08-29,http://data.eastmoney.comhttp://data.eastmoney.com/bbsj/zcfz/600671.html
432,600668,尖峰集团,详细  数据,4.76亿,57.55,16.86亿,12.17,9.89亿,2.2亿,5922万,1205万,13.18亿,6.1亿,6.12亿,08-29,http://data.eastmoney.comhttp://data.eastmoney.com/bbsj/zcfz/600668.html
433,600661,昂立教育,详细  数据,5006万,5.36,10.9亿,13.16,6.37亿,3.06亿,1.39亿,-628万,10.87亿,4283万,4666万,08-29,http://data.eastmoney.comhttp://data.eastmoney.com/bbsj/zcfz/600661.html
434,600654,ST中安,详细  数据,-1.94亿,-101.82,12.88亿,-40.75,10.56亿,2214万,1.79亿,8624万,13.81亿,-7749万,-1.85亿,08-29,http://data.eastmoney.comhttp://data.eastmoney.com/bbsj/zcfz/600654.html
435,600653,申华控股,详细  数据,1625万,107.35,36.66亿,15.76,33.97亿,7533万,1.36亿,7038万,36.91亿,1691万,6540万,08-29,http://data.eastmoney.comhttp://data.eastmoney.com/bbsj/zcfz/600653.html
436,600652,ST游久,详细  数据,414万,-75.49,894万,-85.16,187万,312万,2309万,202万,3882万,416万,414万,08-29,http://data.eastmoney.comhttp://data.eastmoney.com/bbsj/zcfz/600652.html
437,600651,*ST飞乐,详细  数据,-3.29亿,19.90,14.73亿,-5.27,9.96亿,3.38亿,1.97亿,1.16亿,17.08亿,-3.21亿,-3.21亿,08-29,http://data.eastmoney.comhttp://data.eastmoney.com/bbsj/zcfz/600651.html
438,600645,中源协和,详细  数据,6313万,-79.72,6.68亿,3.81,2.03亿,1.37亿,1.52亿,492万,5.53亿,1.01亿,1.04亿,08-29,http://data.eastmoney.comhttp://data.eastmoney.com/bbsj/zcfz/600645.html
439,600643,爱建集团,详细  数据,6.3亿,16.69,19.51亿,58.02,5.89亿,773万,2.54亿,1.28亿,11.36亿,10.25亿,8.65亿,08-29,http://data.eastmoney.comhttp://data.eastmoney.com/bbsj/zcfz/600643.html
440,600642,申能股份,详细  数据,12.96亿,41.96,196亿,8.83,182亿,270万,2.97亿,2.45亿,188亿,16.95亿,17亿,08-29,http://data.eastmoney.comhttp://data.eastmoney.com/bbsj/zcfz/600642.html
441,600640,号百控股,详细  数据,4632万,-65.41,19.06亿,21.18,15.93亿,5057万,1.79亿,-4185万,18.64亿,6184万,6305万,08-29,http://data.eastmoney.comhttp://data.eastmoney.com/bbsj/zcfz/600640.html
442,600639,浦东金桥,详细  数据,4.45亿,11.12,14.27亿,62.45,7.1亿,1023万,3144万,4618万,8.68亿,5.88亿,5.87亿,08-29,http://data.eastmoney.comhttp://data.eastmoney.com/bbsj/zcfz/600639.html
443,600636,国新文化,详细  数据,-1681万,-107.01,5.57亿,-38.72,4.46亿,3938万,4004万,-834万,5.5亿,2524万,3653万,08-29,http://data.eastmoney.comhttp://data.eastmoney.com/bbsj/zcfz/600636.html
444,600635,大众公用,详细  数据,2.06亿,63.39,29.87亿,10.56,24.7亿,9322万,2.02亿,1.62亿,29.45亿,3.04亿,3.08亿,08-29,http://data.eastmoney.comhttp://data.eastmoney.com/bbsj/zcfz/600635.html
445,600634,*ST富控,详细  数据,-4.57亿,3.89,5.1亿,36.82,1.24亿,2582万,2.26亿,3.4亿,7.53亿,-3.44亿,-4.44亿,08-29,http://data.eastmoney.comhttp://data.eastmoney.com/bbsj/zcfz/600634.html
446,600626,申达股份,详细  数据,3.95亿,392.81,72.8亿,-9.79,65.55亿,2.03亿,5.1亿,1.07亿,75.16亿,5.45亿,5.44亿,08-29,http://data.eastmoney.comhttp://data.eastmoney.com/bbsj/zcfz/600626.html
447,600616,金枫酒业,详细  数据,1667万,-40.96,3.49亿,-12.11,1.92亿,6335万,7009万,-32.58万,3.39亿,2208万,2188万,08-29,http://data.eastmoney.comhttp://data.eastmoney.com/bbsj/zcfz/600616.html
448,600613,神奇制药,详细  数据,5715万,-2.43,9.11亿,6.30,3.64亿,3.92亿,5302万,487万,8.4亿,6911万,6927万,08-29,http://data.eastmoney.comhttp://data.eastmoney.com/bbsj/zcfz/600613.html
449,600610,ST毅达,详细  数据,-1846万,2.04,-,-,-,-,64.29万,574万,638万,-638万,-1846万,08-29,http://data.eastmoney.comhttp://data.eastmoney.com/bbsj/zcfz/600610.html
450,600605,汇通能源,详细  数据,-115万,-105.20,7162万,-94.07,3672万,133万,1836万,660万,6750万,351万,364万,08-29,http://data.eastmoney.comhttp://data.eastmoney.com/bbsj/zcfz/600605.html
451,600601,方正科技,详细  数据,-2.62亿,-80.98,20.82亿,-5.02,17.75亿,1.78亿,1.3亿,1.02亿,23.38亿,-2.44亿,-2.42亿,08-29,http://data.eastmoney.comhttp://data.eastmoney.com/bbsj/zcfz/600601.html
452,600599,*ST熊猫,详细  数据,-1319万,-535.65,8667万,-43.45,5599万,169万,1442万,259万,7623万,-81.71万,-165万,08-29,http://data.eastmoney.comhttp://data.eastmoney.com/bbsj/zcfz/600599.html
453,600588,用友网络,详细  数据,4.82亿,290.10,33.13亿,10.22,11.26亿,5.84亿,5.4亿,5698万,30.98亿,5.94亿,5.96亿,08-29,http://data.eastmoney.comhttp://data.eastmoney.com/bbsj/zcfz/600588.html
454,600587,新华医疗,详细  数据,6.93亿,1117,41.72亿,-10.11,32.65亿,4.34亿,1.9亿,8622万,40.65亿,7.61亿,7.64亿,08-29,http://data.eastmoney.comhttp://data.eastmoney.com/bbsj/zcfz/600587.html
455,600580,卧龙电驱,详细  数据,6.1亿,120.11,60.11亿,11.61,44.11亿,4.1亿,4.93亿,1.26亿,56.19亿,7.24亿,7.21亿,08-29,http://data.eastmoney.comhttp://data.eastmoney.com/bbsj/zcfz/600580.html
456,600577,精达股份,详细  数据,1.87亿,-34.55,61.16亿,-3.24,54.68亿,9134万,7406万,5276万,58.08亿,3亿,3亿,08-29,http://data.eastmoney.comhttp://data.eastmoney.com/bbsj/zcfz/600577.html
457,600571,信雅达,详细  数据,848万,19.14,5.71亿,-6.58,2.46亿,2883万,9194万,7.7万,5.83亿,-218万,-272万,08-29,http://data.eastmoney.comhttp://data.eastmoney.com/bbsj/zcfz/600571.html
458,600569,安阳钢铁,详细  数据,2.51亿,-75.32,149亿,-5.58,133亿,1.35亿,4.44亿,3.7亿,146亿,3.29亿,3.38亿,08-29,http://data.eastmoney.comhttp://data.eastmoney.com/bbsj/zcfz/600569.html
459,600568,*ST中珠,详细  数据,1132万,-80.26,2.3亿,-47.36,1.46亿,1190万,6904万,-1205万,2.34亿,400万,2856万,08-29,http://data.eastmoney.comhttp://data.eastmoney.com/bbsj/zcfz/600568.html
460,600563,法拉电子,详细  数据,2.09亿,-2.67,7.94亿,-5.27,4.54亿,1861万,5058万,-618万,5.57亿,2.53亿,2.54亿,08-29,http://data.eastmoney.comhttp://data.eastmoney.com/bbsj/zcfz/600563.html
461,600546,山煤国际,详细  数据,5.06亿,53.00,198亿,-3.92,158亿,3.72亿,6.51亿,5.37亿,180亿,16.5亿,15.71亿,08-29,http://data.eastmoney.comhttp://data.eastmoney.com/bbsj/zcfz/600546.html
462,600545,卓郎智能,详细  数据,2.78亿,-23.45,38.16亿,-17.54,26.45亿,2.62亿,1.56亿,6674万,33.75亿,4.3亿,3.81亿,08-29,http://data.eastmoney.comhttp://data.eastmoney.com/bbsj/zcfz/600545.html
463,600543,莫高股份,详细  数据,1276万,-11.82,8670万,-14.73,3327万,1802万,2241万,-431万,7391万,1405万,1409万,08-29,http://data.eastmoney.comhttp://data.eastmoney.com/bbsj/zcfz/600543.html
464,600539,ST狮头,详细  数据,442万,23.66,2398万,-28.20,2014万,144万,431万,-656万,1957万,443万,446万,08-29,http://data.eastmoney.comhttp://data.eastmoney.com/bbsj/zcfz/600539.html
465,600533,栖霞建设,详细  数据,4.21亿,522.43,12.84亿,77.99,6.8亿,3101万,4642万,6743万,9.74亿,4.47亿,5.16亿,08-29,http://data.eastmoney.comhttp://data.eastmoney.com/bbsj/zcfz/600533.html
466,600532,宏达矿业,详细  数据,-2.5亿,-508.45,24.06亿,161.79,23.14亿,251万,4275万,3233万,23.99亿,2993万,-2.44亿,08-29,http://data.eastmoney.comhttp://data.eastmoney.com/bbsj/zcfz/600532.html
467,600531,豫光金铅,详细  数据,4800万,-25.42,83.93亿,-7.47,80.32亿,1761万,4564万,1.76亿,83.27亿,5757万,5866万,08-29,http://data.eastmoney.comhttp://data.eastmoney.com/bbsj/zcfz/600531.html
468,600516,方大炭素,详细  数据,14.48亿,-54.27,39.39亿,-35.24,19.52亿,1.33亿,2.82亿,-6821万,23.91亿,17.15亿,17.23亿,08-29,http://data.eastmoney.comhttp://data.eastmoney.com/bbsj/zcfz/600516.html
469,600508,上海能源,详细  数据,4.82亿,-20.14,36.75亿,7.44,25.33亿,6591万,3.19亿,7419万,30.67亿,6.01亿,6.09亿,08-29,http://data.eastmoney.comhttp://data.eastmoney.com/bbsj/zcfz/600508.html
470,600503,华丽家族,详细  数据,-1280万,-212.37,1.38亿,-35.61,7706万,2157万,4939万,2570万,1.93亿,-1183万,-1179万,08-29,http://data.eastmoney.comhttp://data.eastmoney.com/bbsj/zcfz/600503.html
471,600501,航天晨光,详细  数据,-7004万,-742.79,9.45亿,-15.46,7.03亿,9024万,1.22亿,872万,9.92亿,-6783万,-6519万,08-29,http://data.eastmoney.comhttp://data.eastmoney.com/bbsj/zcfz/600501.html
472,600500,中化国际,详细  数据,5.42亿,-16.12,266亿,-12.39,229亿,6.05亿,10.18亿,2.27亿,252亿,17.3亿,17.36亿,08-29,http://data.eastmoney.comhttp://data.eastmoney.com/bbsj/zcfz/600500.html
473,600499,科达制造,详细  数据,2.12亿,-24.58,32.4亿,7.39,24.88亿,1.73亿,1.84亿,8171万,30.14亿,2.81亿,2.81亿,08-29,http://data.eastmoney.comhttp://data.eastmoney.com/bbsj/zcfz/600499.html
474,600498,烽火通信,详细  数据,4.28亿,-8.43,120亿,7.07,95.22亿,7.3亿,1.46亿,3202万,117亿,4.51亿,4.52亿,08-29,http://data.eastmoney.comhttp://data.eastmoney.com/bbsj/zcfz/600498.html
475,600481,双良节能,详细  数据,6959万,27.94,10.91亿,-0.63,8.04亿,1.11亿,6062万,532万,10.31亿,6881万,8665万,08-29,http://data.eastmoney.comhttp://data.eastmoney.com/bbsj/zcfz/600481.html
476,600480,凌云股份,详细  数据,-5885万,-133.30,55.27亿,-12.64,46亿,2.29亿,3.05亿,7126万,54.4亿,9301万,1.03亿,08-29,http://data.eastmoney.comhttp://data.eastmoney.com/bbsj/zcfz/600480.html
477,600469,风神股份,详细  数据,1.45亿,260.72,30.03亿,-4.09,23.63亿,1.79亿,9953万,5273万,27.9亿,1.76亿,1.77亿,08-29,http://data.eastmoney.comhttp://data.eastmoney.com/bbsj/zcfz/600469.html
478,600439,瑞贝卡,详细  数据,1.22亿,-3.24,9.46亿,-4.31,6.11亿,9877万,3800万,4234万,8.19亿,1.32亿,1.35亿,08-29,http://data.eastmoney.comhttp://data.eastmoney.com/bbsj/zcfz/600439.html
479,600429,三元股份,详细  数据,1.84亿,47.32,41.73亿,9.97,27.49亿,10.86亿,1.6亿,8008万,41.06亿,2.72亿,2.7亿,08-29,http://data.eastmoney.comhttp://data.eastmoney.com/bbsj/zcfz/600429.html
480,600425,青松建化,详细  数据,1.11亿,67.02,13.09亿,37.30,8.29亿,4073万,1.14亿,9772万,11.03亿,1.77亿,2.94亿,08-29,http://data.eastmoney.comhttp://data.eastmoney.com/bbsj/zcfz/600425.html
481,600418,江淮汽车,详细  数据,1.25亿,-23.46,270亿,13.85,240亿,11.59亿,8.51亿,1.66亿,270亿,2.93亿,1.28亿,08-29,http://data.eastmoney.comhttp://data.eastmoney.com/bbsj/zcfz/600418.html
482,600416,*ST湘电,详细  数据,-5.91亿,-167.18,32.28亿,14.10,29.18亿,1.33亿,1.82亿,1.86亿,34.67亿,-2.03亿,-5.77亿,08-29,http://data.eastmoney.comhttp://data.eastmoney.com/bbsj/zcfz/600416.html
483,600408,ST安泰,详细  数据,6936万,-84.49,47.35亿,21.99,43.6亿,8012万,9574万,6769万,46.17亿,1.2亿,7149万,08-29,http://data.eastmoney.comhttp://data.eastmoney.com/bbsj/zcfz/600408.html
484,600406,国电南瑞,详细  数据,12.01亿,-11.17,109亿,3.57,79.26亿,6.95亿,3.26亿,850万,96.5亿,14.61亿,14.77亿,08-29,http://data.eastmoney.comhttp://data.eastmoney.com/bbsj/zcfz/600406.html
485,600393,粤泰股份,详细  数据,1.05亿,-81.53,17.32亿,-4.14,12.22亿,5266万,9678万,1.58亿,16.01亿,1.25亿,1.15亿,08-29,http://data.eastmoney.comhttp://data.eastmoney.com/bbsj/zcfz/600393.html
486,600392,盛和资源,详细  数据,1.81亿,-6.77,38.3亿,15.28,33.57亿,3876万,7028万,7110万,36.08亿,2.34亿,2.31亿,08-29,http://data.eastmoney.comhttp://data.eastmoney.com/bbsj/zcfz/600392.html
487,600391,航发科技,详细  数据,-2701万,42.35,11.34亿,27.30,9.65亿,1288万,7237万,3638万,11.55亿,-1050万,-1476万,08-29,http://data.eastmoney.comhttp://data.eastmoney.com/bbsj/zcfz/600391.html
488,600390,五矿资本,详细  数据,17.41亿,48.40,81.74亿,37.60,36.01亿,1791万,9.01亿,1.25亿,61.89亿,25.97亿,25.91亿,08-29,http://data.eastmoney.comhttp://data.eastmoney.com/bbsj/zcfz/600390.html
489,600383,金地集团,详细  数据,36.32亿,51.65,225亿,48.78,134亿,5.57亿,16.58亿,9579万,177亿,64.08亿,64.35亿,08-29,http://data.eastmoney.comhttp://data.eastmoney.com/bbsj/zcfz/600383.html
490,600377,宁沪高速,详细  数据,22.82亿,-8.30,48.35亿,-5.96,19.56亿,1863万,8567万,2.27亿,23.42亿,29.95亿,29.86亿,08-29,http://data.eastmoney.comhttp://data.eastmoney.com/bbsj/zcfz/600377.html
491,600376,首开股份,详细  数据,20.64亿,54.17,232亿,32.49,130亿,4.98亿,4.52亿,11.8亿,178亿,57.7亿,57.85亿,08-29,http://data.eastmoney.comhttp://data.eastmoney.com/bbsj/zcfz/600376.html
492,600362,江西铜业,详细  数据,13亿,1.77,1050亿,0.51,1010亿,3亿,8.32亿,5.53亿,1032亿,17.37亿,17.98亿,08-29,http://data.eastmoney.comhttp://data.eastmoney.com/bbsj/zcfz/600362.html
493,600360,华微电子,详细  数据,3607万,-28.36,7.25亿,-11.58,5.67亿,1813万,4501万,3331万,6.91亿,3964万,4038万,08-29,http://data.eastmoney.comhttp://data.eastmoney.com/bbsj/zcfz/600360.html
494,600355,精伦电子,详细  数据,-1533万,-386.87,1.57亿,-27.31,1.15亿,1047万,1607万,114万,1.66亿,-1289万,-1289万,08-29,http://data.eastmoney.comhttp://data.eastmoney.com/bbsj/zcfz/600355.html
495,600345,长江通信,详细  数据,7058万,-50.93,8055万,15.26,6848万,664万,1218万,-231万,8675万,7160万,7160万,08-29,http://data.eastmoney.comhttp://data.eastmoney.com/bbsj/zcfz/600345.html
496,600340,华夏幸福,详细  数据,84.81亿,22.44,387亿,10.74,199亿,8.75亿,28.31亿,6.98亿,264亿,121亿,120亿,08-29,http://data.eastmoney.comhttp://data.eastmoney.com/bbsj/zcfz/600340.html
497,600331,宏达股份,详细  数据,6599万,410.47,12.7亿,-47.12,11.19亿,3202万,8322万,4603万,12.88亿,6636万,6590万,08-29,http://data.eastmoney.comhttp://data.eastmoney.com/bbsj/zcfz/600331.html
498,600330,天通股份,详细  数据,1.15亿,-28.86,11.81亿,-4.52,8.62亿,2844万,8286万,1973万,10.73亿,1.33亿,1.32亿,08-29,http://data.eastmoney.comhttp://data.eastmoney.com/bbsj/zcfz/600330.html
499,600320,振华重工,详细  数据,2.22亿,37.20,102亿,1.14,86.22亿,5592万,5.07亿,7.73亿,103亿,2.22亿,2.28亿,08-29,http://data.eastmoney.comhttp://data.eastmoney.com/bbsj/zcfz/600320.html
500,600318,新力金融,详细  数据,2017万,-35.97,2.47亿,-10.36,4257万,6.14万,6008万,4775万,1.57亿,9846万,9826万,08-29,http://data.eastmoney.comhttp://data.eastmoney.com/bbsj/zcfz/600318.html
